Park_ID,Trail_ID's,Name,Municipality,Address,Acres,Picnic Area,Restrooms,Benches,Playground,Hiking Trails,Walking/Jogging,Mtn Biking,Biking,Swimming,Boating,Shellfishing,Freshwater Fishing,Saltwater Fishing,Sailing,Windsurfing,Concerts,Scenic Overviews,Camping,Beach Camping,Cabin Camping ,Group Camping,Tent Camping,Trailer Camping,Trailer hook-ups available,Hunting,Game Fileds,Waterpark,Basketball,Vollyball,Street Hockey,Tennis,Horseshoes,Archery,Softball,Baseball,Ice Skating,Road Races,Golf,Scuba,Soccer,Rugby,Horseback,Snowmobile,Cross Country Ski,EV Charging,Contact Information Year Round,Contact Information Seasonal,Website,Other Website,Remarks
,,Cass Park,Woonsocket,Cass Avenue,,,,Yes,Yes,,,,,,,,Yes,,,,Yes,,,,,,,,,,,,Yes,,Yes,Yes,,,,,Yes,,,,,,,,,,,,http://www.woonsocket.org/parks.htm,https://www.visitrhodeisland.com/what-to-do/parks/2925/cass-park/,
,,Cold Spring Park,Woonsocket,Harris Avenue,,,,Yes,Yes,,Yes,,,,Yes,,,,,,,,,,,,,,,,,,Yes,,,Yes,,,,,,,,,,,,,,,,,http://www.woonsocket.org/parks.htm,,
,,River Island Park,Woonsocket,Bernon Street,,,,Yes,,,Yes,,,,Yes,,,,,,Yes,,,,,,,,,,,,,,,,,,,,Yes,,,,,,,,,,,,http://www.woonsocket.org/parks.htm,https://www.visitrhodeisland.com/what-to-do/parks/1096/river-island-park/,
,,Wilcox Park,Westerly,44 Broad St,,,,,,,,,,,,,,,,,,,,,,,,,,,,,,,,,,,,,,,,,,,,,,,401-596-2877 x. 334,,https://www.visitrhodeisland.com/what-to-do/parks/1482/wilcox-park/,,
,,Apponaug Park,Warwick,Veterans Memorial Drive,,,,Yes,,,,,,,,,,,,,,,,,,,,,,,,,,,,,,,Yes,,,,,,,,,,,,,,http://www.warwickri.gov/parks-and-recreation/pages/parks-playgrounds,,
,,Clegg Field,Warwick,Winter Avenue,,,,,,,,,,,,,,,,,,,,,,,,,,,,,,,,,,,,,,,,,,,,,,,,,http://www.warwickri.gov/parks-and-recreation/pages/parks-playgrounds,,
,,Conimicut Point Park ,Warwick,Point Avenue,,,,,,,,,,,,,,,,,,Yes,,,,,,,,,,,,,,,,,,,,,,,,,,,,,,,http://www.warwickri.gov/parks-and-recreation/pages/parks-playgrounds,,
,,George Salter Memorial Grove,Warwick,Narragansett Pkwy,,Yes,,,,,,,,,Yes,,,,,,,Yes,,,,,,,,,,,,,,,,,,,,,,,,,,,,,,,http://www.warwickri.gov/parks-and-recreation/pages/parks-playgrounds,https://www.visitrhodeisland.com/what-to-do/parks/2068/c-and-l-stablesgoddard-park/,
,,imPossible Dream Playground,Warwick,575 Centerville Rd # 4,,,,,Yes,,,,,,,,,,,,,,,,,,,,,,,,,,,,,,,,,,,,,,,,,,,,https://www.visitrhodeisland.com/what-to-do/parks/660/impossible-dream-playground/,,
,,Oakland Beach Park ,Warwick,Oakland Beach Avenue,,,,,,,,,,Yes,,,,,,,,,,,,,,,,,,,,,,,,,,,,,,,,,,,,,,,http://www.warwickri.gov/parks-and-recreation/pages/parks-playgrounds,,
,,Pawtuxet Park,Warwick,Narragansett Parkway,,Yes,,,,,,,,,,,,,,,,Yes,,,,,,,,,,,,,,,,,,,,,,,,,,,,,,,http://www.warwickri.gov/parks-and-recreation/pages/parks-playgrounds,,
,,Warwick City Park,Warwick,Buttonwoods Avenue,,,Yes,,Yes,Yes,Yes,,Yes,Yes,,,,,,,,,,,,,,,,,,,,,Yes,,,,Yes,Yes,,,,,,,,,,,401-738-2000 X6504,,http://www.warwickri.gov/parks-and-recreation/pages/warwick-city-park-buttonwoods-beach,,
,,Winslow Park,Warwick,Airport Rd,,,,,,,Yes,,,,,,,,,,,,,,,,,,,,,,,,,,,,,Yes,,,,,Yes,,,,,,,,,,
,,Pardon Gray Preserve,Tiverton,Route 77,,,,,,,,,,,,,,,,,,,,,,,,,,,,,,,,,,,,,,,,,,,,,,,,,https://www.visitrhodeisland.com/what-to-do/parks/3005/pardon-gray-preserve/,,
,,Abbott Park,Providence,290 WEYBOSSET ST,0.2,,,,,,,,,,,,,,,,,,,,,,,,,,,,,,,,,,,,,,,,,,,,,," 401-785-9459, x7201",,http://www.providenceri.com/parks-and-rec/neighborhood-parks,,Fountain
,,Alphonso St. Totlot,Providence,10 ALPHONSO,0.1,,,,1,,,,,,,,,,,,,,,,,,,,,,,,,,,,,,,,,,,,,,,,,," 401-785-9459, x7201",,http://www.providenceri.com/parks-and-rec/neighborhood-parks,,
,,Amos Earley Park,Providence,7 CADILLAC DR,3.4,,,,1,,1,,,,,,,,,,,,,,,,,,,,,,,,,,,,,,,,,,1,,,,,," 401-785-9459, x7201",,http://www.providenceri.com/parks-and-rec/neighborhood-parks,,Handball Court; com. garden
,,Ardoene Park,Providence,143 NARRAGANSETT AVE,4.5,,,,1,,,,,,,,,,,,,,,,,,,,,,,,1,,,,,,,1,,,,,,,,,,," 401-785-9459, x7201",,http://www.providenceri.com/parks-and-rec/neighborhood-parks,,
,,Ascham St. Park,Providence,323 HAWKINS ST,1.7,,,,1,,,,,,,,,,,,,,,,,,,,,,,,,,,,,,1,,,,,,,,,,,," 401-785-9459, x7201",,http://www.providenceri.com/parks-and-rec/neighborhood-parks,,
,,Bank of America City Center,Providence,4 KENNEDY PLAZA,0.4,,,,,,,,,,,,,,,,,,,,,,,,,,,,,,,,,,,,1,,,,,,,,,," 401-785-9459, x7201",,http://www.providenceri.com/parks-and-rec/neighborhood-parks,,Outdoor skating rink & pavilion
,,Baxter St. Park,Providence,61 BAXTER ST,0.2,,,,1,,,,,,,,,,,,,,,,,,,,,,,,,,,,,,,,,,,,,,,,,," 401-785-9459, x7201",,http://www.providenceri.com/parks-and-rec/neighborhood-parks,,
,,Billy Taylor Park,Providence,140 CAMP ST,1.9,,,,1,,,,,,,,,,,,,,,,,,,,,,,,2,,,,,,,,,,,,,,,,,," 401-785-9459, x7201",,http://www.providenceri.com/parks-and-rec/neighborhood-parks,,
,,Biltmore Park,Providence,2 KENNEDY PLAZA,0.9,,,,,,,,,,,,,,,,,,,,,,,,,,,,,,,,,,,,,,,,,,,,,," 401-785-9459, x7201",,http://www.providenceri.com/parks-and-rec/neighborhood-parks,,Numerous public sculptures
,,Blackstone Blvd. Park,Providence,BLACKSTONE BLVD.,19.3,,,,,,1,,,,,,,,,,,,,,,,,,,,,,,,,,,,,,,,,,,,,,,," 401-785-9459, x7201",,http://www.providenceri.com/parks-and-rec/neighborhood-parks,,1.8 miles in length
,,Blackstone Park,Providence,58 PARKSIDE RD,40.3,,,,,,1,,,,,,,,,,,,,,,,,,,,,,,,,,,,,,,,,,,,,,,," 401-785-9459, x7201",,http://www.providenceri.com/parks-and-rec/neighborhood-parks,,Wooded conservation area and trails
,,Boyle Sq.,Providence,287 SMITH ST,0.1,,,,,,,,,,,,,,,,,,,,,,,,,,,,,,,,,,,,,,,,,,,,,," 401-785-9459, x7201",,http://www.providenceri.com/parks-and-rec/neighborhood-parks,,
,,Brassil Memorial Park,Providence,41 ARNOLD ST,0.4,,,,1,,,,,,,,,,,,,,,,,,,,,,,,,,,,,,,,,,,,,,,,,," 401-785-9459, x7201",,http://www.providenceri.com/parks-and-rec/neighborhood-parks,,
,,Brown St. Playground,Providence,207 BROWN ST,0.8,,,,1,,,,,,,,,,,,,,,,,,,,,,,,,,,,,,,,,,,,,,,,,," 401-785-9459, x7201",,http://www.providenceri.com/parks-and-rec/neighborhood-parks,,Fitness area; com garden
,,Bucklin Park,Providence,404 DEXTER ST,5.5,,,,1,,,,,,,,,,,,,,,,,,,,,,,,2,,,,,,,1,,,,,,,,,,," 401-785-9459, x7201",,http://www.providenceri.com/parks-and-rec/neighborhood-parks,,Football field
,,Burnside Park,Providence,40 KENNEDY PLAZA,1.6,,,,,,,,,,,,,,,,,,,,,,,,,,,,,,,,,,,,,,,,,,,,,," 401-785-9459, x7201",,http://www.providenceri.com/parks-and-rec/neighborhood-parks,,Fountain and Burnside statue
,,Cabral Park,Providence,515 WICKENDEN STREET,1.1,,,,1,,,,,,,,,,,,,,,,,,,,,,,1,1,,,,,,,1,,,,,,,,,,," 401-785-9459, x7201",,http://www.providenceri.com/parks-and-rec/neighborhood-parks,,
,,Canada Pond Management Area,Providence,Opposite 76 LAKESIDE DRIVE,29.1,,,,,,,,,,,,,,,,,,,,,,,,,,,,,,,,,,,,,,,,,,,,,," 401-785-9459, x7201",,http://www.providenceri.com/parks-and-rec/neighborhood-parks,,Former mill pond; includes a dam
,,Candace St. Playground,Providence,11 CANDACE ST,0.6,,,,1,,,,,,,,,,,,,,,,,,,,,,,,1,,,,,,,,,,,,,,,,,," 401-785-9459, x7201",,http://www.providenceri.com/parks-and-rec/neighborhood-parks,,
,,Cathedral Sq.,Providence,69 FRANKLIN ST,1,,,,,,,,,,,,,,,,,,,,,,,,,,,,,,,,,,,,,,,,,,,,,," 401-785-9459, x7201",,http://www.providenceri.com/parks-and-rec/neighborhood-parks,,Fountain
,,Cerbo Sq.,Providence,136 MURRAY ST,0.1,,,,,,,,,,,,,,,,,,,,,,,,,,,,,,,,,,,,,,,,,,,,,," 401-785-9459, x7201",,http://www.providenceri.com/parks-and-rec/neighborhood-parks,,Memorial to J.Cerbo
,,Clarence St. Playground,Providence,220 CLARENCE ST,1,,,,1,,,,,,,,,,,,,,,,,,,,,,,,,,,,,,,,,,,,,,,,,," 401-785-9459, x7201",,http://www.providenceri.com/parks-and-rec/neighborhood-parks,,
,,Collyer Park,Providence,35 COLLYER,4.1,,,,1,,,,,,,,,,,,,,,,,,,,,,,,,,,,,,1,,,,,,,,,,,," 401-785-9459, x7201",,http://www.providenceri.com/parks-and-rec/neighborhood-parks,,
,,Columbia Park,Providence,65 MICHIGAN AVE,0.7,,,,1,,,,,,,,,,,,,,,,,,,,,,,,2,,,,,,,,,,,,,,,,,," 401-785-9459, x7201",,http://www.providenceri.com/parks-and-rec/neighborhood-parks,,Sledding hill
,,Columbus Sq.,Providence,24 RESERVOIR AVE,0.5,,,,,,,,,,,,,,,,,,,,,,,,,,,,,,,,,,,,,,,,,,,,,," 401-785-9459, x7201",,http://www.providenceri.com/parks-and-rec/neighborhood-parks,,Statue of Columbus
,,Constance Witherby Park,Providence,299 WATERMAN ST,1.6,,,,,,,,,,,,,,,,,,,,,,,,,,,,,,,,,,,,,,,,,,,,,," 401-785-9459, x7201",,http://www.providenceri.com/parks-and-rec/neighborhood-parks,,
,,Corliss Landing,Providence,579 SOUTH WATER,0.3,,,,,,1,,,,,,,,,,,,,,,,,,,,,,,,,,,,,,,,,,,,,,,," 401-785-9459, x7201",,http://www.providenceri.com/parks-and-rec/neighborhood-parks,,Providence River overlook
,,Corliss Park,Providence,30 CORINA ST+C84,5.9,,,,1,,,,,,,,,,,,,,,,,,,,,,,,2,,,,,,1,,,,,,,,,,,," 401-785-9459, x7201",,http://www.providenceri.com/parks-and-rec/neighborhood-parks,,
,,Cranston St. Totlot,Providence,126 CRANSTON ST,0.5,,,,1,,,,,,,,,,,,,,,,,,,,,,,,,1,,,,,,,,,,,,,,,,," 401-785-9459, x7201",,http://www.providenceri.com/parks-and-rec/neighborhood-parks,,Volleyball
,,Davey Lopes Park,Providence,62 TANNER ST,2.2,,,,1,,1,,,,,,,,,,,,,,,,,,,,,,1,,,,,,,,,,,,,,,,,," 401-785-9459, x7201",,http://www.providenceri.com/parks-and-rec/neighborhood-parks,,
,,Davis Park,Providence,700 CHALKSTONE AVE,10.1,,,,1,,1,,,,,,,,,,,,,,,,,,,,,,1,,,,,,,3,,,,,,,,,,," 401-785-9459, x7201",,http://www.providenceri.com/parks-and-rec/neighborhood-parks,,Com. Garden
,,DePasquale Plaza,Providence,267 DEPASQUALE ST,0.3,,,,,,,,,,,,,,,,,,,,,,,,,,,,,,,,,,,,,,,,,,,,,," 401-785-9459, x7201",,http://www.providenceri.com/parks-and-rec/neighborhood-parks,,fountain/plaza for outdoor dining
,,Dexter Training Grounds,Providence,65 DEXTER ST,9.1,,,,1,,1,,,,,,,,,,,,,,,,,,,,,,,,,,,,,1,,,,,,,,,,," 401-785-9459, x7201",,http://www.providenceri.com/parks-and-rec/neighborhood-parks,,Dexter statue;
,,Diamond St. Playground,Providence,46 DIAMOND ST,0,,,,1,,,,,,,,,,,,,,,,,,,,,,,,,,,,,,,,,,,,,,,,,," 401-785-9459, x7201",,http://www.providenceri.com/parks-and-rec/neighborhood-parks,,
,,Drummond Field,Providence,91 NEW YORK AVE,2.8,,,,,,,,,,,,,,,,,,,,,,,,,,,,,,,,,,,,,,,,1,,,,,," 401-785-9459, x7201",,http://www.providenceri.com/parks-and-rec/neighborhood-parks,,
,,Ellery St. Park,Providence,75 ELLERY ST,0.9,,,,1,,,,,,,,,,,,,,,,,,,,,,,,1,,,,,,,,,,,,,,,,,," 401-785-9459, x7201",,http://www.providenceri.com/parks-and-rec/neighborhood-parks,,
,,Esek Hopkins Homestead,Providence,97 ADMIRAL ST,1.1,,,,,,,,,,,,,,,,,,,,,,,,,,,,,,,,,,,,,,,,,,,,,," 401-785-9459, x7201",,http://www.providenceri.com/parks-and-rec/neighborhood-parks,,Former homestead of Esek Hopkins
,,Fargnoli Park,Providence,237 JASTRAM ST,3.1,,,,1,,,,,,,,,,,,,,,,,,,,,,,1,2,,,,,,,1,,,,,,,,,,," 401-785-9459, x7201",,http://www.providenceri.com/parks-and-rec/neighborhood-parks,,
,,Father Lennon Park,Providence,Opposite 83 CAMDEN AVE.,1.6,,,,1,,1,,,,,,,,,,,,,,,,,,,,,,,1,,,,,,,,,,,,,,,,," 401-785-9459, x7201",,http://www.providenceri.com/parks-and-rec/neighborhood-parks,,Volleyball
,,Fenner Sq.,Providence,80 GOVERNOR ST,0.2,,,,,,,,,,,,,,,,,,,,,,,,,,,,,,,,,,,,,,,,,,,,,," 401-785-9459, x7201",,http://www.providenceri.com/parks-and-rec/neighborhood-parks,,Traffic island
,,Franciscan Park,Providence,515 BROADWAY ST,2.5,,,,,,1,,,,,,,,,,,,,,,,,,,,,,,,,,,,,,,,,,,,,,,," 401-785-9459, x7201",,http://www.providenceri.com/parks-and-rec/neighborhood-parks,,Unoffical Dog Park
,,Freeman Park,Providence,311 WESTMINSTER ST,0,,,,,,,,,,,,,,,,,,,,,,,,,,,,,,,,,,,,,,,,,,,,,," 401-785-9459, x7201",,http://www.providenceri.com/parks-and-rec/neighborhood-parks,,Fountain
,,Gano St. Park,Providence,87 FREMONT ST,11.3,,,,,,,,,,,,,,,,,,,,,,,,,,,,1,,,,,,,2,,,,,1,,,,,," 401-785-9459, x7201",,http://www.providenceri.com/parks-and-rec/neighborhood-parks,,
,,Garbaldi Sq.,Providence,99 ATWELLS AVE,0.5,,,,,,,,,,,,,,,,,,,,,,,,,,,,,,,,,,,,,,,,,,,,,," 401-785-9459, x7201",,http://www.providenceri.com/parks-and-rec/neighborhood-parks,,Monument bust of Garibaldi
,,General St. Playground,Providence,1 RECREATION WAY,0,,,,,,,,,,,,,,,,,,,,,,,,,,,1,1,,,,,,,1,,,,,,,,,,," 401-785-9459, x7201",,http://www.providenceri.com/parks-and-rec/neighborhood-parks,,
,,Gladys Potter Park,Providence,141 HUMBOLDT AVE,1.2,,,,1,,,,,,,,,,,,,,,,,,,,,,,,,,,,,,,,,,,,,,,,,," 401-785-9459, x7201",,http://www.providenceri.com/parks-and-rec/neighborhood-parks,,
,,Harriet & Sayles Park,Providence,370 SAYLES ST,2.1,,1,,1,,1,,,,,,,,,,,,,,,,,,,,,,1,,,,,,,1,,,,,,,,,,," 401-785-9459, x7201",,http://www.providenceri.com/parks-and-rec/neighborhood-parks,,Water park with restroom facility
,,Hopkins Park,Providence,71 ADMIRAL ST,7.8,,,,1,,,,,,,,,,,,,,,,,,,,,,,,,,,,,,,,,,,,1,,,,,," 401-785-9459, x7201",,http://www.providenceri.com/parks-and-rec/neighborhood-parks,,
,,Hopkins Sq.,Providence,480 BRANCH AVE,1,,,,,,,,,,,,,,,,,,,,,,,,,,,,,,,,,,,,,,,,,,,,,," 401-785-9459, x7201",,http://www.providenceri.com/parks-and-rec/neighborhood-parks,,Statue of Esek Hopkins
,,India Point Park,Providence,109 INDIA ST,18,,,,1,,1,,Yes,,Yes,,,,Yes,,,,,,,,,,,,,,,,,,,,,,,,,,1,,,,,," 401-785-9459, x7201",,http://www.providenceri.com/parks-and-rec/neighborhood-parks,https://www.visitrhodeisland.com/what-to-do/parks/2943/india-point-park/,Two large docks; community sailing
,,Iola French Park,Providence,221 VEAZIE ST,4.5,,,,1,,1,,,,,,,,,,,,,,,,,,,,,,,,,,,,1,,,,,,1,,,,,," 401-785-9459, x7201",,http://www.providenceri.com/parks-and-rec/neighborhood-parks,,
,,Jacqueline Clements Park,Providence,333 DUDLEY ST,0.3,,,,,,,,,,,,,,,,,,,,,,,,,,,,,,,,,,,,,,,,,,,,,," 401-785-9459, x7201",,http://www.providenceri.com/parks-and-rec/neighborhood-parks,,Fountain
,,Jennifer Rivera Memorial Park,Providence,40 NIAGARA ST,0.2,,,,1,,,,,,,,,,,,,,,,,,,,,,,,,,,,,,,,,,,,,,,,,," 401-785-9459, x7201",,http://www.providenceri.com/parks-and-rec/neighborhood-parks,,
,,John Donigian Memorial Park,Providence,228 VALLEY ST,4.5,,,,1,,1,,,,,,,,,,,,,,,,,,,,,,1,,,,,,1,,,,,,,,,,,," 401-785-9459, x7201",,http://www.providenceri.com/parks-and-rec/neighborhood-parks,,
,,Joseph Williams Field,Providence,999 ELMWOOD AVE,5.3,,,,1,,1,,,,,,,,,,,,,,,,,,,,,,,,,,,,,1,,,,,,,,,,," 401-785-9459, x7201",,http://www.providenceri.com/parks-and-rec/neighborhood-parks,,
,,Joslin Playground,Providence,60 KOSSUTH ST,0.8,,,,1,,1,,,,,,,,,,,,,,,,,,,,,,1,,,,,,1,,,,,,,,,,,," 401-785-9459, x7201",,http://www.providenceri.com/parks-and-rec/neighborhood-parks,,Also handball court
,,JT Owens Park,Providence,350 NIANTIC AVE,8.2,,,,1,,1,,,,1,,,,,,,,,,,,,,,,,,,,,,,,1,2,,,,,,,,,,," 401-785-9459, x7201",,http://www.providenceri.com/parks-and-rec/neighborhood-parks,,Boat ramp
,,Kennedy Plaza,Providence,1 KENNEDY PLZ,1.8,,,,,,,,,,,,,,,,,,,,,,,,,,,,,,,,,,,,,,,,,,,,,," 401-785-9459, x7201",,http://www.providenceri.com/parks-and-rec/neighborhood-parks,,Transit center leased to RIPTA
,,Knight St. Park,Providence,82 KNIGHT ST,0.6,,,,1,,,,,,,,,,,,,,,,,,,,,,,,2,,,,,,,,,,,,,,,,,," 401-785-9459, x7201",,http://www.providenceri.com/parks-and-rec/neighborhood-parks,,
,,Lippitt Memorial Park,Providence,1001 HOPE ST,6,,,,1,,,,,,,,,,,,,,,,,,,,,,,,,,,,,,,,,,,,,,,,,," 401-785-9459, x7201",,http://www.providenceri.com/parks-and-rec/neighborhood-parks,,Lippitt Memorial Fountain
,,Locust Grove Cemetery,Providence,442 ELMWOOD AVE,8,,,,,,,,,,,,,,,,,,,,,,,,,,,,,,,,,,,,,,,,,,,,,," 401-785-9459, x7201",,http://www.providenceri.com/parks-and-rec/neighborhood-parks,,Historic Cemetety
,,M.E. Sharpe Memorial Park,Providence,141 BENEFIT ST,0.2,,,,,,,,,,,,,,,,,,,,,,,,,,,,,,,,,,,,,,,,,,,,,," 401-785-9459, x7201",,http://www.providenceri.com/parks-and-rec/neighborhood-parks,,
,,Mansion Park,Providence,225 WAVERLY ST,1.7,,,,,,,,,,,,,,,,,,,,,,,,,,,,,,,,,,,,,,,,,,,,,," 401-785-9459, x7201",,http://www.providenceri.com/parks-and-rec/neighborhood-parks,,
,,Market Sq.,Providence,4 NORTH MAIN ST.,0.3,,,,,,,,,,,,,,,,,,,,,,,,,,,,,,,,,,,,,,,,,,,,,," 401-785-9459, x7201",,http://www.providenceri.com/parks-and-rec/neighborhood-parks,,Managed by RISD
,,Mashapaug Pond Boating Ctr.,Providence,361 RESERVOIR AVE,1.9,,,,,,,,,,,,,,,,,,,,,,,,,,,,,,,,,,,,,,,,,,,,,," 401-785-9459, x7201",,http://www.providenceri.com/parks-and-rec/neighborhood-parks,,
,,Mattie Smith Totlot,Providence,103 TAYLOR ST,0.1,,,,1,,,,,,,,,,,,,,,,,,,,,,,,,,,,,,,,,,,,,,,,,," 401-785-9459, x7201",,http://www.providenceri.com/parks-and-rec/neighborhood-parks,,
,,Memorial Park,Providence,17 SOUTH MAIN,1,,,,,,,,,,,,,,,,,,,,,,,,,,,,,,,,,,,,,,,,,,,,,," 401-785-9459, x7201",,http://www.providenceri.com/parks-and-rec/neighborhood-parks,,World War I Memorial; other sculpture
,,Merino Park,Providence,265 HARTFORD AVE,13.3,,,,1,,1,,,,,,,,,,,,,,,,,,,,,,2,,,,,,1,,,,,,2,,,,,," 401-785-9459, x7201",,http://www.providenceri.com/parks-and-rec/neighborhood-parks,,
,,Morris Ave. Totlot,Providence,387 MORRIS AVE,0.1,,,,1,,,,,,,,,,,,,,,,,,,,,,,,,,,,,,,,,,,,,,,,,," 401-785-9459, x7201",,http://www.providenceri.com/parks-and-rec/neighborhood-parks,,Primarily for toddlers
,,Mt. Pleasant Little League Fields,Providence,Opposite 525 MT. PLEASANT AV,2.8,,,,1,,,,,,,,,,,,,,,,,,,,,,,,,,,,,,1,2,,,,,,,,,,," 401-785-9459, x7201",,http://www.providenceri.com/parks-and-rec/neighborhood-parks,,
,,Mt. Pleasant Memorial Park,Providence,96 NEWARK ST,0.2,,,,,,,,,,,,,,,,,,,,,,,,,,,,,,,,,,,,,,,,,,,,,," 401-785-9459, x7201",,http://www.providenceri.com/parks-and-rec/neighborhood-parks,,Memorial park
,,Murphy-Trainer Park,Providence,3 MOLTER,4.5,,,,,,1,,,,,,,,,,,,,,,,,,,,,,,,,,,,,,,,,,,,,,,," 401-785-9459, x7201",,http://www.providenceri.com/parks-and-rec/neighborhood-parks,,Shoreline access
,,Neutaconkanut Park,Providence,899 PLAINFIELD ST REAR,73.2,,,,1,,1,,,,,,,,,,,,,,,,,,,,,1,1,,,,,,,2,,,,,,,,,,," 401-785-9459, x7201",,http://www.providenceri.com/parks-and-rec/neighborhood-parks,,
,,Ninth St. Park,Providence,21 NINTH ST,0.3,,,,,,,,,,,,,,,,,,,,,,,,,,,,1,,,,,,,,,,,,,,,,,," 401-785-9459, x7201",,http://www.providenceri.com/parks-and-rec/neighborhood-parks,,
,,North Burial Ground,Providence,800 NORTH MAIN,109.2,,,,,,1,,,,,,,,,,,,,,,,,,,,,,,,,,,,,,,,,,,,,,,," 401-785-9459, x7201",,http://www.providenceri.com/parks-and-rec/neighborhood-parks,,"Aprox. 40,000 gravestones"
,,Obediah Brown Fields,Providence,101 BULLOCK AVE,9.4,,,,,,,,,,,,,,,,,,,,,,,,,,,,,,,,,,,,,,,,2,,,,,," 401-785-9459, x7201",,http://www.providenceri.com/parks-and-rec/neighborhood-parks,,One field is leased to RI College
,,Paterson Park,Providence,6 PATERSON ST.,1.2,,,,1,,,,,,,,,,,,,,,,,,,,,,,,1,,,,,,,,,,,,,,,,,," 401-785-9459, x7201",,http://www.providenceri.com/parks-and-rec/neighborhood-parks,,Half-court basketball for small kids
,,Paul Grande Park,Providence,115 DANIEL AVE,1.2,,,,1,,,,,,,,,,,,,,,,,,,,,,,,1,,,,,,,,,,,,,,,,,," 401-785-9459, x7201",,http://www.providenceri.com/parks-and-rec/neighborhood-parks,,
,,Pearl St. Park,Providence,161 PEARL ST,0.3,,,,1,,,,,,,,,,,,,,,,,,,,,,,,,,,,,,,,,,,,,,,,,," 401-785-9459, x7201",,http://www.providenceri.com/parks-and-rec/neighborhood-parks,,
,,Pleasant St. Park,Providence,34 PLEASANT ST,1.2,,,,1,,,,,,,,,,,,,,,,,,,,,,,1,,,,,,,,,,,,,,,,,,," 401-785-9459, x7201",,http://www.providenceri.com/parks-and-rec/neighborhood-parks,,
,,Pleasant Valley Pkwy,Providence,64 GARFIELD AVE,3.5,,,,,,1,,,,,,,,,,,,,,,,,,,,,,,,,,,,,,,,,,,,,,,," 401-785-9459, x7201",,http://www.providenceri.com/parks-and-rec/neighborhood-parks,,Grass median strip with small stream
,,Preston & Ives Playground,Providence,210 IVES ST,0.3,,,,1,,,,,,,,,,,,,,,,,,,,,,,,,,,,,,,,,,,,,,,,,," 401-785-9459, x7201",,http://www.providenceri.com/parks-and-rec/neighborhood-parks,,
,,Prete-Metcalf Field,Providence,504 CHARLES ST,11.4,,,,,,1,,,,,,,,,,,,,,,,,,,,,,,,,,,,,3,,,,,,,,,,," 401-785-9459, x7201",,http://www.providenceri.com/parks-and-rec/neighborhood-parks,,Arthur E. Coia Memorial Walking Trail
,,Prospect Terrace,Providence,184 PRATT ST,0.9,,,,,,,,,,,,,,,,,Yes,,,,,,,,,,,,,,,,,,,,,,,,,,,,," 401-785-9459, x7201",,http://www.providenceri.com/parks-and-rec/neighborhood-parks,https://www.visitrhodeisland.com/what-to-do/parks/1019/prospect-terrace/,Roger Williams Monument
,,Regent Ave. Playground,Providence,140 REGENT AVE,0.9,,,,1,,,,,,,,,,,,,,,,,,,,,,,,,,,,,,,,,,,,,,,,,," 401-785-9459, x7201",,http://www.providenceri.com/parks-and-rec/neighborhood-parks,,
,,Richardson Park,Providence,64 RICHARDSON ST,3.2,,,,1,,1,,,,,,,,,,,,,,,,,,,,,,1,,,,,,,1,,,,,,,,,,," 401-785-9459, x7201",,http://www.providenceri.com/parks-and-rec/neighborhood-parks,,
,,Ridge St. Playground,Providence,126 RIDGE ST,0.6,,,,1,,,,,,,,,,,,,,,,,,,,,,,,1,,,,,,,,,,,,,,,,,," 401-785-9459, x7201",,http://www.providenceri.com/parks-and-rec/neighborhood-parks,,
,,Riverside Park,Providence,50 ALEPPO,7.5,,,,1,,1,,,,,,,,,,,,,,,,,,,,,,,,,,,,,,,,,,,,,,,," 401-785-9459, x7201",,http://www.providenceri.com/parks-and-rec/neighborhood-parks,,Fish ladder; canoe launch
,,Riverwalk,Providence,CRAWFORD SQUARE,,,,,,,1,,,,,,,,,,,,,,,,,,,,,,,,,,,,,,,,,,,,,,,," 401-785-9459, x7201",,http://www.providenceri.com/parks-and-rec/neighborhood-parks,,Several thousand feet of riverwalk
,,Rochambeau Sq.,Providence,8 BREWSTER ST,0.1,,,,,,,,,,,,,,,,,,,,,,,,,,,,,,,,,,,,,,,,,,,,,," 401-785-9459, x7201",,http://www.providenceri.com/parks-and-rec/neighborhood-parks,,General Rochambeau marker
,,Roger Williams Landing,Providence,136 GANO ST,0.9,,,,,,,,,,,,,,,,,,,,,,,,,,,,,,,,,,,,,,,,,,,,,," 401-785-9459, x7201",,http://www.providenceri.com/parks-and-rec/neighborhood-parks,,Landing site of Roger Williams
,,Roger Williams Park,Providence,1000 ELMWOOD AV,432.1,Yes,,,1,,1,,Yes,,Yes,,,,,,,,,,,,,,,,,,,,,Yes,,,,3,,,,,,,,,,," 401-785-9459, x7201",,http://www.providenceri.com/parks-and-rec/neighborhood-parks,http://www.providenceri.com/parks-and-rec/roger-williams-park,"Zoo,museum, carousel,boats"
,,Sackett St. Park,Providence,110 SACKETT ST,2.2,,,,1,,,,,,,,,,,,,,,,,,,,,,,1,1,,,,,,,1,,,,,,,,,,," 401-785-9459, x7201",,http://www.providenceri.com/parks-and-rec/neighborhood-parks,,
,,Salisbury St. Totlot,Providence,13 SALISBURY ST,0.1,,,,1,,,,,,,,,,,,,,,,,,,,,,,,1,,,,,,,,,,,,,,,,,," 401-785-9459, x7201",,http://www.providenceri.com/parks-and-rec/neighborhood-parks,,Basketball court is half court
,,Sessions Street Park,Providence,140 SESSIONS ST,2.9,,,,1,,,,,,,,,,,,,,,,,,,,,,,,,,,,,,,3,,,,,,,,,,," 401-785-9459, x7201",,http://www.providenceri.com/parks-and-rec/neighborhood-parks,,
,,Silver Lake Memorial Park,Providence,308 POCASSET AVE,0,,,,,,,,,,,,,,,,,,,,,,,,,,,,,,,,,,,,,,,,,,,,,," 401-785-9459, x7201",,http://www.providenceri.com/parks-and-rec/neighborhood-parks,,Memorial Wall for neighborhood
,,St. Ann's Piaza,Providence,578 CHARLES ST,0.1,,,,,,,,,,,,,,,,,,,,,,,,,,,,,,,,,,,,,,,,,,,,,," 401-785-9459, x7201",,http://www.providenceri.com/parks-and-rec/neighborhood-parks,,
,,St. John's Park,Providence,47 SUTTON ST,0.5,,,,,,,,,,,,,,,,,,,,,,,,,,,,,,,,,,,,,,,,,,,,,," 401-785-9459, x7201",,http://www.providenceri.com/parks-and-rec/neighborhood-parks,,Former location of St. John's Church
,,Summit Ave. Park,Providence,84 NINTH ST,0.5,,,,1,,,,,,,,,,,,,,,,,,,,,,,,,,,,,,,,,,,,,,,,,," 401-785-9459, x7201",,http://www.providenceri.com/parks-and-rec/neighborhood-parks,,
,,Tom Twitchell Greenway,Providence,3 OAKLAND AVE,,,,,,,1,,,,,,,,,,,,,,,,,,,,,,,,,,,,,,,,,,,,,,,," 401-785-9459, x7201",,http://www.providenceri.com/parks-and-rec/neighborhood-parks,,
,,Triggs Memorial Golf Course,Providence,1501 CHALKSTONE AVE,161.4,,,,,,,,,,,,,,,,,,,,,,,,,,,,,,,,,,,,,,1,,,,,,,," 401-785-9459, x7201",,http://www.providenceri.com/parks-and-rec/neighborhood-parks,,18-hole municipal golf course
,,Trinity Mews,Providence,164 FOUNTAIN ST,0.2,,,,,,,,,,,,,,,,,,,,,,,,,,,,,,,,,,,,,,,,,,,,,," 401-785-9459, x7201",,http://www.providenceri.com/parks-and-rec/neighborhood-parks,,Informal outdoor performance space
,,Viscolosi Park,Providence,1684 CHALKSTONE AVE.,0.9,,,,1,,,,,,,,,,,,,,,,,,,,,,,,,,,,,,,,,,,,,,,,,," 401-785-9459, x7201",,http://www.providenceri.com/parks-and-rec/neighborhood-parks,,
,,Waldo St. Totlot,Providence,136 WALDO ST,0.1,,,,1,,,,,,,,,,,,,,,,,,,,,,,,,,,,,,,,,,,,,,,,,," 401-785-9459, x7201",,http://www.providenceri.com/parks-and-rec/neighborhood-parks,,
,,Wallace Street Park,Providence,1 WALLACE ST,3.4,,,,1,,1,,,,,,,,,,,,,,,,,,,,,1,,,,,,,,1,,,,,,,,,,," 401-785-9459, x7201",,http://www.providenceri.com/parks-and-rec/neighborhood-parks,,
,,Wanskuck Park,Providence,229 WOODWARD RD,24.5,,,,,,1,,,,,,,,,,,,,,,,,,,,,,,,,,,,,,,,,,,,,,,," 401-785-9459, x7201",,http://www.providenceri.com/parks-and-rec/neighborhood-parks,,Caretaker house on property
,,Warren Ave. Playground,Providence,35 WARREN ST,0.4,,,,1,,,,,,,,,,,,,,,,,,,,,,,,,,,,,,,,,,,,,,,,,," 401-785-9459, x7201",,http://www.providenceri.com/parks-and-rec/neighborhood-parks,,
,,Washington Park Square,Providence,1450 BROAD ST,0.2,,,,,,,,,,,,,,,,,,,,,,,,,,,,,,,,,,,,,,,,,,,,,," 401-785-9459, x7201",,http://www.providenceri.com/parks-and-rec/neighborhood-parks,,
,,Waterplace Park,Providence,12 AMERICAN EXPRESS WAY,2.5,,,,,,1,,,,,,,,,,1,,,,,,,,,,,,,,,,,,,,,,,,,,,,,," 401-785-9459, x7201",,http://www.providenceri.com/parks-and-rec/neighborhood-parks,https://www.visitrhodeisland.com/what-to-do/parks/1437/waterplace-park-and-river-walk/,Outdoor ampitheatre;restaurant; docks
,,West Park,Providence,1266 CHALKSTONE AVE,4.3,,,,1,,,,,,,,,,,,,,,,,,,,,,,1,,,,,,,,1,,,,,,,,,,," 401-785-9459, x7201",,http://www.providenceri.com/parks-and-rec/neighborhood-parks,,
,,Chocolate Mill Overlook Park,Pawtucket,,,,,,,,,,,,,,,,,,,,,,,,,,,,,,,,,,,,,,,,,,,,,,,,,,https://www.visitrhodeisland.com/what-to-do/parks/2558/chocolate-mill-overlook-park/,,
,,Daggett Farm,Pawtucket,,,,,,,,,,,,,,,,,,,,,,,,,,,,,,,,,,,,,,,,,,,,,,,,,,https://www.visitrhodeisland.com/what-to-do/parks/361/daggett-farm/,,
,,Pawtucket Veterans Memorial Park ,Pawtucket,,,,,,,,,,,,,,,,,,,,,,,,,,,,,,,,,,,,,,,,,,,,,,,,,,https://www.visitrhodeisland.com/what-to-do/parks/955/pawtucket-veterans-memorial-park/,,
,,Slater Memorial Park,Pawtucket,,,,,,,,,,,,,,,,,,,,,,,,,,,,,,,,,,,,,,,,,,,,,,,,,,https://www.visitrhodeisland.com/what-to-do/parks/1205/slater-memorial-park/,,
,,Governor Notte Park,North Providence,,,,,,,,,,,,,,,,,,,,,,,,,,,,,,,,,,,,,,,,,,,,,,,,,,https://www.visitrhodeisland.com/what-to-do/parks/2007/governor-notte-park/,,
,,Aquidneck Park,Newport,Spring St,,,,Yes,Yes,,,,,,,,,,,,,,,,,,,,,,,,,,,Yes,,,,,,,,,,,,,,,(401) 845-5800,,http://www.cityofnewport.com/departments/public-services/recreation/recreation-facilities,,
,,Battery Park,Newport,Washington St,,,,Yes,,,,,,,,,,,,,,,,,,,,,,,,,,,,,,,,,,,,,,,,,,,(401) 845-5800,,http://www.cityofnewport.com/departments/public-services/recreation/recreation-facilities,,
,,Braga Park,Newport,Kay St.,,Yes,Yes,Yes,Yes,,,,,,,,,,,,,,,,,,,,,,,,Yes,,,,,,Yes,,,,,,Yes,,,,,,(401) 845-5800,,http://www.cityofnewport.com/departments/public-services/recreation/recreation-facilities,,
,,Brenton Pt. St. Park,Newport,Ocean Ave.,,Yes,Yes,Yes,,,,,,,,,,,,,,,,,,,,,,,,,,,,,,,,,,,,,,,,,,,(401) 845-5800,,http://www.cityofnewport.com/departments/public-services/recreation/recreation-facilities,,
,,Cardines Field,Newport,America's Cup,,,Yes,,Yes,,,,,,,,,,,,,,,,,,,,,,,,,,,,,,,Yes,,,,,,,,,,,(401) 845-5800,,http://www.cityofnewport.com/departments/public-services/recreation/recreation-facilities,,
,,Cliff Walk,Newport,Narragansett Ave,,,,Yes,,,,,,,,,,,,,,,,,,,,,,,,,,,,,,,,,,,,,,,,,,,(401) 845-5800,,http://www.cityofnewport.com/departments/public-services/recreation/recreation-facilities,,
,,Cottrell Field,Newport,Vernon St,,Yes,Yes,Yes,Yes,,,,,,,,,,,,,,,,,,,,,,,,,,,Yes,,,,Yes,,,,,,,,,,,(401) 845-5800,,http://www.cityofnewport.com/departments/public-services/recreation/recreation-facilities,,
,,Easton's Beach,Newport,Memorial Blvd,,Yes,Yes,Yes,Yes,,,,,Yes,,,,,,,,,,,,,,,,,,,,,,,,,,,,,,,,,,,,,(401) 845-5800,,http://www.cityofnewport.com/departments/public-services/recreation/recreation-facilities,,
,,Eisenhower Park,Newport,Washington Sq.,,,,,,,,,,,,,,,,,,,,,,,,,,,,,,,,,,,,,,,,,,,,,,,(401) 845-5800,,http://www.cityofnewport.com/departments/public-services/recreation/recreation-facilities,,
,,Fort Adams St. Park,Newport,Harrison Ave.,,Yes,Yes,Yes,,,,,,Yes,,,,,,,,,,,,,,,,,,,,,,,,,,,,,,,Yes,,,,,,(401) 845-5800,,http://www.cityofnewport.com/departments/public-services/recreation/recreation-facilities,,
,,Freebody Park,Newport,Freebody St.,,,Yes,,Yes,,,,,,,,,,,,,,,,,,,,,,,,,,,,,,Yes,,,,,,Yes,,,,,,(401) 845-5800,,http://www.cityofnewport.com/departments/public-services/recreation/recreation-facilities,,
,,Hunter Field,Newport,Van Zandt,,Yes,,,Yes,,,,,,,,,,,,,,,,,,,,,,,,,,,Yes,,,Yes,,,,,,Yes,,,,,,(401) 845-5800,,http://www.cityofnewport.com/departments/public-services/recreation/recreation-facilities,,
,,King Park,Newport,Wellington Ave.,,Yes,Yes,Yes,Yes,,,,,Yes,,,,,,,,,,,,,,,,,,,,,,,,,Yes,,,,,,,,,,,,(401) 845-5800,,http://www.cityofnewport.com/departments/public-services/recreation/recreation-facilities,https://www.visitrhodeisland.com/what-to-do/parks/1629/king-park/,
,,Long Wharf,Newport,Long Wharf,,,,Yes,,,,,,,,,,,,,,,,,,,,,,,,,,,,,,,,,,,,,,,,,,,(401) 845-5800,,http://www.cityofnewport.com/departments/public-services/recreation/recreation-facilities,,
,,Miantonomi Park,Newport,Hillside Ave,,Yes,,,Yes,,,,,,,,,,,,,,,,,,,,,,,,,Yes,,,,,,,,,,,,,,,,,(401) 845-5800,,http://www.cityofnewport.com/departments/public-services/recreation/recreation-facilities,https://www.visitrhodeisland.com/what-to-do/parks/2874/miantonomi-memorial-park/,
,,Morton Park,Newport,Morton Ave,,Yes,,Yes,Yes,,,,,,,,,,,,,,,,,,,,,,,,,Yes,,,,,,,,,,,,,,,,,(401) 845-5800,,http://www.cityofnewport.com/departments/public-services/recreation/recreation-facilities,,
,,Murphy Field,Newport,Carroll Ave,,,,Yes,Yes,,,,,,,,,,,,,,,,,,,,,,,,Yes,,,Yes,,,Yes,Yes,,,,,,,,,,,(401) 845-5800,,http://www.cityofnewport.com/departments/public-services/recreation/recreation-facilities,,
,,Perrotti Park,Newport,Americas Cup,,,Yes,Yes,,,,,,,,,,,,,,,,,,,,,,,,,,,,,,,,,,,,,,,,,,,(401) 845-5800,,http://www.cityofnewport.com/departments/public-services/recreation/recreation-facilities,,
,,Rogers High,Newport,Old Fort Rd,,,,,,,Yes,,,,,,,,,,,,,,,,,,,,,,,,,Yes,,,,,,,,,Yes,,,,,,(401) 845-5800,,http://www.cityofnewport.com/departments/public-services/recreation/recreation-facilities,,
,,Rovensky Park,Newport,Bellevue Ave,,,,Yes,,,,,,,,,,,,,,,,,,,,,,,,,,,,,,,,,,,,,,,,,,,(401) 845-5800,,http://www.cityofnewport.com/departments/public-services/recreation/recreation-facilities,,
,,Storer Park,Newport,Washington St,,,,Yes,,,,,,,,,,,,,,,,,,,,,,,,,Yes,,,,,,,,,,,,,,,,,,(401) 845-5800,,http://www.cityofnewport.com/departments/public-services/recreation/recreation-facilities,,
,,Touro Park,Newport,Bellevue Ave,,,,Yes,,,,,,,,,,,,,,,,,,,,,,,,,,,,,,,,,,,,,,,,,,,(401) 845-5800,,http://www.cityofnewport.com/departments/public-services/recreation/recreation-facilities,https://www.visitrhodeisland.com/what-to-do/parks/3004/touro-park/,
,,Canonchet Farm Park,Narragansett,,,,,,,,,,,,,,,,,,,,,,,,,,,,,,,,,,,,,,,,,,,,,,,,,,https://www.visitrhodeisland.com/what-to-do/parks/2560/canonchet-farm-park/,,
,,Blackstone River State Park,Lincoln,,,,,,,,,,,,,,,,,,,,,,,,,,,,,,,,,,,,,,,,,,,,,,,,,,https://www.visitrhodeisland.com/what-to-do/parks/139/blackstone-river-state-park/,,
,,Steere Hill,Glocester,,,,,,,,,,,,,,,,,,,,,,,,,,,,,,,,,,,,,,,,,,,,,,,,,,https://www.visitrhodeisland.com/what-to-do/parks/2923/steere-hill/,,
,,Ten Mile River Greenway,East Providence to Pawtucket,,,,,,,,,,,,,,,,,,,,,,,,,,,,,,,,,,,,,,,,,,,,,,,,,,https://www.visitrhodeisland.com/what-to-do/parks/2017/ten-mile-river-greenway/,,
,,Diamond Hill Park,Cumberland,,,,,,,,,,,,,,,,,,,,,,,,,,,,,,,,,,,,,,,,,,,,,,,,,,https://www.visitrhodeisland.com/what-to-do/parks/2914/diamond-hill-park/,,
,,The Monastery Park ,Cumberland,,,,,,,,,,,,,,,,,,,,,,,,,,,,,,,,,,,,,,,,,,,,,,,,,,https://www.visitrhodeisland.com/what-to-do/parks/797/the-monastery-park/,,
,,Valley Falls Heritage Park,Cumberland,,,,,,,,,,,,,,,,,,,,,,,,,,,,,,,,,,,,,,,,,,,,,,,,,,https://www.visitrhodeisland.com/what-to-do/parks/1389/valley-falls-heritage-park/,,
,,Aqueduct,Cranston,198 Aqueduct Rd,,,,,,,,,,,,,,,,,,,,,,,,,,,,,2,,,,,,,5,,,,,,,,,,,,,,,
,,Arlington,Cranston,155 Princess Ave,,,,,,,,,,,,,,,,,,,,,,,,,,,,,,,,,,,,,,,,,,,,,,,,,,,
,,Atwood,Cranston,280 Atwood Ave,,,,,,,,,,,,,,,,,,,,,,,,,,,,,,,,,,,1,,,,,,,,,,,,,,,,
,,Beachmont,Cranston,Beachmont & Ashmont Streets,,,,,,,,,,,,,,,,,,,,,,,,,,,,,1,,,1,,,,2,,,,,,,,,,,,,,,
,,Brayton,Cranston,Brayton & New London Avenues,,,,,,,1,,,,,,,,,,,,,,,,,,,,,,,,,,,,3,,,,,,,,,,,,,,,,
,,Briggs,Cranston,West of 300 Hope Rd,,,,,,,1,,,,,,,,,,,,,,,,,,,,,,1,,,1,,,,3,,,,,5,,,,,,,,,,
,,Budlong Pool,Cranston,198 Aqueduct Rd,,,,,,,,,,,,,,,,,,,,,,,,,,,,,,,,,,,,,,,,,,,,,,,,,,,
,,Calise,Cranston,625 Dyer Ave,,,,,,,,,,,,,,,,,,,,,,,,,,,,,,,,,,,,1,,,,,,,,,,,,,,,
,,Commercial,Cranston,Across 34 Commercial Street,,,,,,,,,,,,,,,,,,,,,,,,,,,,,2,,,,,,,,,,,,,,,,,,,,,,
,,Comstock,Cranston,Wildwood Drive,,,,,,,,,,,,,,,,,,,,,,,,,,,,,1,,,1,,,,,,,,,,,,,,,,,,,
,,Cooney,Cranston,135 Gansett Ave,,,,,,,1,,,,,,,,,,,,,,,,,,,,,,,,,,,,1,1,,,,,,,,,,,,,,,
,,Cranston Stadium,Cranston,9 Flint Avenue,,,,,,,,,,,,,,,,,,,,,,,,,,,,,1,,,2,,,,1,,,,,,,,,,,,,,,
,,Cranston West,Cranston,80 Metropolitan Ave,,,,,,,1,,,,,,,,,,,,,,,,,,,,,,,,,6,,,1,1,,,,,,,,,,,,,,,
,,DiPrete,Cranston,Across 330 Oaklawn Ave,,,,,,,,,,,,,,,,,,,,,,,,,,,,,,,,,,,,1,,,,,,,,,,,,,,,
,,Doric,Cranston,Arthur & Doric Avenues,,,,,,,1,,,,,,,,,,,,,,,,,,,,,,2,,,1,,,,,,,,,1,,,,,,,,,,
,,DuTemple,Cranston,32 Garden St,,,,,,,,,,,,,,,,,,,,,,,,,,,,,1,,,,,,,,,,,,,,,,,,,,,,
,,Edgewood Highlands,Cranston,160 Pawtuxet Ave,,,,,,,,,,,,,,,,,,,,,,,,,,,,,,,,,,,,,,,,,,,,,,,,,,,
,,Fay,Cranston,Dallas Ave off Warwick Ave,,,,,,,,,,,,,,,,,,,,,,,,,,,,,,,,,,,,3,,,,,,,,,,,,,,,
,,Fiskeville,Cranston,,,,,,,,,,,,,,,,,,,,,,,,,,,,,,,,,,,,,,,,,,,,,,,,,,,,
,,Friendly,Cranston,1 Doric Ave,,,,,,,,,,,,,,,,,,,,,,,,,,,,,,,,,,,,,,,,,,,,,,,,,,,
,,Garden City,Cranston,70 Plantations Drive,,,,,,,,,,,,,,,,,,,,,,,,,,,,,1,,,,,,,1,,,,,,,,,,,,,,,
,,Gladstone,Cranston,50 Gladstone St,,,,,,,,,,,,,,,,,,,,,,,,,,,,,,,,,,,,,,,,,,,,,,,,,,,
,,Glen Hills,Cranston,1 Glen Hills Drive,,,,,,,,,,,,,,,,,,,,,,,,,,,,,1,,,2,,,,,,,,,,,,,,,,,,,
,,Highland / Sivo,Cranston,Florida Ave,,,,,,,,,,,,,,,,,,,,,,,,,,,,,,,,,,,,1,,,,,,,,,,,,,,,
,,Hope Highlands,Cranston,300 Hope Rd,,,,,,,,,,,,,,,,,,,,,,,,,,,,,,,,,,,,1,,,,,1,,,,,,,,,,
,,Mayfield,Cranston,Mayfield St & Pontiac Ave,,,,,,,,,,,,,,,,,,,,,,,,,,,,,1,,,,,,,,,,,,1,,,,,,,,,,
,,Meshanticut,Cranston,Cranston & Curtis Streets,,,,,,,,,,,,,,,,,,,,,,,,,,,,,,,,,,,,,,,,,,,,,,,,,,,
,,Narragansett,Cranston,Narragansett St,,,,,,,,,,,,,,,,,,,,,,,,,,,,,1,,,1,,,,,,,,,,,,,,,,,,,
,,Oak Hill,Cranston,New London Ave,,,,,,,,,,,,,,,,,,,,,,,,,,,,,,,,,,,,2,,,,,,,,,,,,,,,
,,Oaklawn,Cranston,36 Stoneham St,,,,,,,,,,,,,,,,,,,,,,,,,,,,,,,,,,,,,,,,,,,,,,,,,,,
,,Park View,Cranston,25 Park View Blvd,,,,,,,1,,,,,,,,,,,,,,,,,,,,,,1,,,4,,,2,1,,,,,1,,,,,,,,,,
,,Peters,Cranston,15 Mayberry St,,,,,,,,,,,,,,,,,,,,,,,,,,,,,1,,,,,,,,,,,,,,,,,,,,,,
,,Rhodes,Cranston,160 Shaw Ave,,,,,,,,,,,,,,,,,,,,,,,,,,,,,,,,,,,,,,,,,,,,,,,,,,,
,,Ricci,Cranston,155 Gansett Ave,,,,,,,,,,,,,,,,,,,,,,,,,,,,,,,,,,,,1,,,,,,,,,,,,,,,
,,Sanders,Cranston,First & Heath Ave,,,,,,,,,,,,,,,,,,,,,,,,,,,,,2,,,,,,,,,,,,,,,,,,,,,,
,,Sherman,Cranston,Sherman Ave & Cranston St,,,,,,,,,,,,,,,,,,,,,,,,,,,,,,,,,,,,2,,,,,,,,,,,,,,,
,,Smith,Cranston,Smith St,,,,,,,,,,,,,,,,,,,,,,,,,,,,,,,,,,,,,,,,,,,,,,,,,,,
,,Speck,Cranston,15 Gleason Ave,,,,,,,,,,,,,,,,,,,,,,,,,,,,,,,,,,,,3,,,,,,,,,,,,,,,
,,Stadium School,Cranston,100 Creasent Ave,,,,,,,,,,,,,,,,,,,,,,,,,,,,,,,,,,,,,,,,,,,,,,,,,,,
,,Stone Hill,Cranston,21 Village Ave,,,,,,,,,,,,,,,,,,,,,,,,,,,,,,,,,,,,,,,,,,,,,,,,,,,
,,Tate,Cranston,135 Gansett Ave,,,,,,,1,,,,,,,,,,,,,,,,,,,,,,,,,,,,1,,,,,,1,,,,,,,,,,
,,Waterman,Cranston,722 Pontiac Ave,,,,,,,,,,,,,,,,,,,,,,,,,,,,,,,,,,,,,,,,,,,,,,,,,,,
,,Western Hills,Cranston,400 Phenix Ave,,,,,,,,,,,,,,,,,,,,,,,,,,,,,,,,3,,,1,1,,,,,1,,,,,,,,,,
,,Whipple,Cranston,Whipple Ave,,,,,,,,,,,,,,,,,,,,,,,,,,,,,2,,,,,,,,,,,,,,,,,,,,,,
,,Woodridge,Cranston,401 Budlong Rd,,,,,,,,,,,,,,,,,,,,,,,,,,,,,,,,,,,,,,,,,,,,,,,,,,,
,,Round Top Brook Management Area,Chepachet,,,,,,,,,,,,,,,,,,,,,,,,,,,,,,,,,,,,,,,,,,,,,,,,,,https://www.visitrhodeisland.com/what-to-do/parks/2926/round-top-brook-management-area/,,
,,Ninigret Park,Charlestown,,,,,,,,,,,,,,,,,,,,,,,,,,,,,,,,,,,,,,,,,,,,,,,,,,https://www.visitrhodeisland.com/what-to-do/parks/889/ninigret-park/,,
,,Chocolate Mill Overlook,Central Falls,Charles Street and Roosevelt Avenue,,,,,,,,,,,,,,,,,,,,,,,,,,,,,,,,,,,,,,,,,,,,,,,,,http://www.centralfallsri.us/parks_playgrounds_ballfields,,"Chocolate Mill Overlook is a park located on the banks of the Blackstone River in Central Falls, Rhode Island that celebrates one of North America's earliest water-powered chocolate mills."
,,Coutu Memorial Park,Central Falls,Hunt Street and Lewis Street,,,,,,,,,,,,,,,,,,,,,,,,,,,,,,,,,,,,,,,,,,,,,,,,,http://www.centralfallsri.us/parks_playgrounds_ballfields,,The Coutu Memorial Park is dedicated to Chief Robert A. Coutu and Chief René R. Coutu of the Central Falls Fire Department to recognize their numerous contributions to the city and their department. 
,,Crossman Street Playground,Central Falls,61 Crossman Street,1,,,,Yes,,,,,,,,,,,,,,,,,,,,,,,,,,,,,,,,,,,,,,,,,,,,http://www.centralfallsri.us/parks_playgrounds_ballfields,,"This one-acre park has a tot lot, playground equipment and a walk through from Crossman Street to Earle Street as well as parking for twelve vehicles."
,,Dexter Plaza,Central Falls,741 Dexter Street,,,,,,,,,,,,,,,,,,,,,,,,,,,,,,,,,,,,,,,,,,,,,,,,,http://www.centralfallsri.us/parks_playgrounds_ballfields,,"Before, this site was an abandoned house. Then a vacant lot. Today, it's a beautiful brick-terraced plaza, complete with stage, shade pavilion, and mural made from tile contributions of the community. Thanks to the incredible work of RISD Desine Lab, Javeriana University, and the city of Central Falls, RI!"
,,Garfield Street Playground,Central Falls,114 Garfield Street,1/4-acre,,,,Yes,,,,,,,,,,,,,,,,,,,,,,,,,,,,,,,,,,,,,,,,,,,,http://www.centralfallsri.us/parks_playgrounds_ballfields,,This 1/4-acre playground is used heavily all year and is home to our recreational summer camp from June through August.
,,Higginson Avenue/Francis Corrigan Sports Complex,Central Falls,Lonsdale & Higginson Avenues,8.3,,,,,,Yes,,,,,,,,,,,,,,,,,,,,,,Yes,,,,,,,Yes,,,,,Yes,,,,,,,,http://www.centralfallsri.us/parks_playgrounds_ballfields,,"This 8.3 acre multi-sport complex features a baseball field, two basketball courts, a football field,a soccer field and a 3/4-mile track. The facility is used from April through October for various sports."
,,Illinois Street Playground,Central Falls,25 Illinois Street,,,,,,,,,,,,,,,,,,,,,,,,,,,,,,,,,,,,,,,,,,,,,,,,,http://www.centralfallsri.us/parks_playgrounds_ballfields,,This facility is undergoing a renovation and total redesign in 2016.
,,Jenks Park,Central Falls,570 Broad Street &Washington Street,4.5 acres,,,,,,,,,,,,,,,,,,,,,,,,,,,,,,,,,,,,,,,,,,,,,,,,http://www.centralfallsri.us/parks_playgrounds_ballfields,https://www.visitrhodeisland.com/what-to-do/parks/651/jenks-park/,
,,Macomber Stadium,Central Falls,Blackstone & High Streets,,,,,,,,,,,,,,,,,,,,,,,,,,,,,,,,,,,Yes,Yes,,,,,Yes,,,,,,,,http://www.centralfallsri.us/parks_playgrounds_ballfields,,"Home to the Central Falls High School football, soccer, baseball and softball teams, this multi-sport complex is used from April through November for various sports."
,,Pierce Park,Central Falls,964 High Street,,,,Yes,,,Yes,,,,,,,,,,,,,,,,,,,,,,,,,,,,,,,,,,,,,,,,,,http://www.centralfallsri.us/parks_playgrounds_ballfields,https://www.visitrhodeisland.com/what-to-do/parks/976/pierce-park-and-riverwalk/,"This site, home to en epic battle between colonialists and Native Americans, is now a riverfront part with both active and passive recreation, benches and a 1/4-mile trail along the historic Blackstone River."
,,River Island Park & Campground,Central Falls,1425 High Street,2.5,,,,,,Yes,,,,,,,,,,,,Yes,,,,,,,,,,,,,,,,,,,,,,,,,,,,,,http://www.centralfallsri.us/parks_playgrounds_ballfields,,This 2.5-acre park features an 1/8-mile walking track with a foot bridge crossing over to the Blackstone River and offers scenic and passive recreation.
,,Sacred Heart Ave. Playground,Central Falls,Sacred Heart Avenue & High Street,1,,,,Yes,,,,,,,,,,,,,,,,,,,,,,,,Yes,,,,,,,,,,,,,,,,,,,,http://www.centralfallsri.us/parks_playgrounds_ballfields,,"This one-acre playground has a tot lot, playground equipment and an intensely-used basketball court, along with parking for twenty vehicles."
,,Saul Tarlow/High Street Ballfield,Central Falls,968 High Street,,,,,,,,,,,,,,,,,,,,,,,,,,,,,,,,,,,,Yes,,,,,,,,,,,,,http://www.centralfallsri.us/parks_playgrounds_ballfields,,"Home to the Central Falls Little League, this baseball field also has a concession  stand and is open from April through July."
,,Hauser Recreational Field,Burrillville,,,,,,,,,,,,,,,,,,,,,,,,,,,,,,,,,,,,,,,,,,,,,,,,,,https://www.visitrhodeisland.com/what-to-do/parks/1647/hauser-recreational-field/,,
,,White Mill Park,Burrillville,,,,,,,,,,,,,,,,,,,,,,,,,,,,,,,,,,,,,,,,,,,,,,,,,,https://www.visitrhodeisland.com/what-to-do/parks/1470/white-mill-park/,,
