trail_id,trail_name,steward_id,trail_segment_id,Type,trail_rating,hike,bike,horse,ski,motor,accessible,Comments,length,geometry
1,Angell Loop,,451,Single Track,,,,,,,,Angell Loop,6106.71232,
2,Arcadia Trail,,154,Single Track,,,,,,,,Arcadia Trail,2893.007468,
2,Arcadia Trail,,168,Single Track,,,,,,,,Arcadia Trail,3226.456617,
2,Arcadia Trail,,1047,Single Track,,,,,,,,Arcadia Trail,1512.532524,
3,Bateman Trail,,189,Double Track,,,,,,,,Bateman Trail,1427.894061,
4,Beach Pond Bypass,,103,Single Track,,,,,,,,"Beach Pond Bypass, fair",789.6360614,
4,Beach Pond Bypass,,104,Single Track,,,,,,,,"Beach Pond Bypass, fair",3672.875772,
4,Beach Pond Bypass,,105,Gravel Road,,,,,,,,"Beach Pond Bypass, fair",304.6650612,
5,Ben Utter Trail,,228,Single Track,,,,,,,,Ben Utter Trail,7059.385451,
6,Black Farm,,284,Double Track,,,,,,,,Black Farm,2082.844124,
6,Black Farm,,285,Double Track,,,,,,,,Black Farm,550.1349195,
7,Black Point,,249,Single Track,,,,,,,,Black Point,3223.095105,
7,Black Point,,982,Double Track,,,,,,,,Black Point,3223.095105,
8,Breakheart Trail,,203,Single Track,,,,,,,,"Breakheart Trail ,",3648.247304,
8,Breakheart Trail,,204,Double Track,,,,,,,,"Fiske Trail, Breakheart Trail, yellow blazw",3339.266324,
9,Bridle Path,,290,Double Track,,,,,,,,Bridle Path,1040.873337,
9,Bridle Path,,291,Double Track,,,,,,,,Bridle Path,109.6670282,
9,Bridle Path,,292,Double Track,,,,,,,,Bridle Path,368.4401065,
9,Bridle Path,,293,Double Track,,,,,,,,Bridle Path,428.2265756,
9,Bridle Path,,294,Double Track,,,,,,,,Bridle Path,395.8965294,
9,Bridle Path,,295,Double Track,,,,,,,,Bridle Path,394.7834611,
9,Bridle Path,,296,Double Track,,,,,,,,Bridle Path,460.4480201,
9,Bridle Path,,297,Double Track,,,,,,,,Bridle Path,517.9597833,
9,Bridle Path,,298,Double Track,,,,,,,,Bridle Path,648.6331101,
9,Bridle Path,,299,Double Track,,,,,,,,Bridle Path,419.181545,
9,Bridle Path,,300,Double Track,,,,,,,,Bridle Path,1541.91175,
9,Bridle Path,,301,Double Track,,,,,,,,Bridle Path,1385.282092,
9,Bridle Path,,302,Double Track,,,,,,,,Bridle Path,629.3567731,
9,Bridle Path,,303,Double Track,,,,,,,,Bridle Path,624.3517935,
9,Bridle Path,,304,Double Track,,,,,,,,Bridle Path,708.6082304,
9,Bridle Path,,305,Double Track,,,,,,,,Bridle Path,478.82908,
9,Bridle Path,,306,Double Track,,,,,,,,Bridle Path,534.5060032,
9,Bridle Path,,307,Double Track,,,,,,,,Bridle Path,623.7669397,
9,Bridle Path,,308,Double Track,,,,,,,,Bridle Path,683.4383909,
9,Bridle Path,,309,Double Track,,,,,,,,Bridle Path,193.9495032,
9,Bridle Path,,310,Double Track,,,,,,,,Bridle Path,2427.381948,
9,Bridle Path,,311,Double Track,,,,,,,,Bridle Path,380.027138,
9,Bridle Path,,312,Double Track,,,,,,,,Bridle Path,567.2592352,
9,Bridle Path,,313,Double Track,,,,,,,,Bridle Path,973.1522752,
9,Bridle Path,,314,Double Track,,,,,,,,Bridle Path,261.3793794,
9,Bridle Path,,315,Double Track,,,,,,,,Bridle Path,1429.97762,
9,Bridle Path,,316,Double Track,,,,,,,,Bridle Path,747.991408,
9,Bridle Path,,317,Double Track,,,,,,,,Bridle Path,1194.376675,
9,Bridle Path,,318,Double Track,,,,,,,,Bridle Path,691.1003326,
9,Bridle Path,,319,Double Track,,,,,,,,Bridle Path,109.5685362,
9,Bridle Path,,320,Double Track,,,,,,,,Bridle Path,449.4028562,
9,Bridle Path,,321,Double Track,,,,,,,,Bridle Path,600.6192149,
9,Bridle Path,,322,Double Track,,,,,,,,Bridle Path,89.6389663,
9,Bridle Path,,323,Double Track,,,,,,,,Bridle Path,2334.657612,
9,Bridle Path,,324,Double Track,,,,,,,,Bridle Path,1177.037137,
9,Bridle Path,,325,Double Track,,,,,,,,Bridle Path,1514.78283,
9,Bridle Path,,326,Double Track,,,,,,,,Bridle Path,201.1763323,
9,Bridle Path,,327,Double Track,,,,,,,,Bridle Path,536.8777783,
9,Bridle Path,,328,Double Track,,,,,,,,Bridle Path,529.7663281,
9,Bridle Path,,329,Double Track,,,,,,,,Bridle Path,1958.032475,
9,Bridle Path,,330,Double Track,,,,,,,,Bridle Path,377.0868744,
9,Bridle Path,,331,Single Track,,,,,,,,Bridle Path,63.29000595,
9,Bridle Path,,332,Double Track,,,,,,,,Bridle Path,245.4891243,
9,Bridle Path,,333,Single Track,,,,,,,,Bridle Path,170.9973011,
9,Bridle Path,,334,Double Track,,,,,,,,Bridle Path,294.4593925,
9,Bridle Path,,335,Double Track,,,,,,,,Bridle Path,159.9364059,
9,Bridle Path,,975,Double Track,,,,,,,,Bridle Path,3323.819394,
9,Bridle Path,,976,Double Track,,,,,,,,Bridle Path,1629.625682,
9,Bridle Path,,977,Double Track,,,,,,,,Bridle Path,842.8453263,
10,COOP,,788,Double Track,,,,,,,,COOP,4322.745171,
10,COOP,,789,Double Track,,,,,,,,COOP,2307.17618,
10,COOP,,790,Double Track,,,,,,,,COOP,3065.860023,
10,COOP,,791,Double Track,,,,,,,,COOP,2180.088755,
10,COOP,,792,Double Track,,,,,,,,COOP,3875.282286,
10,COOP,,793,Double Track,,,,,,,,COOP,2057.464019,
10,COOP,,794,Double Track,,,,,,,,COOP,4017.461579,
10,COOP,,795,Double Track,,,,,,,,COOP,405.7425286,
10,COOP,,796,Double Track,,,,,,,,COOP,1677.440679,
10,COOP,,797,Double Track,,,,,,,,COOP,802.1875529,
10,COOP,,798,Double Track,,,,,,,,COOP,1198.465932,
10,COOP,,799,Double Track,,,,,,,,COOP,427.6176616,
10,COOP,,800,Double Track,,,,,,,,COOP,287.2954021,
10,COOP,,801,Double Track,,,,,,,,COOP,700.5687755,
10,COOP,,802,Double Track,,,,,,,,COOP,1614.343098,
10,COOP,,803,Double Track,,,,,,,,COOP,724.1663008,
10,COOP,,804,Double Track,,,,,,,,COOP,1473.538895,
10,COOP,,805,Double Track,,,,,,,,COOP,125.1731691,
10,COOP,,851,Single Track,,,,,,,,COOP,4746.347857,
10,COOP,,960,Double Track,,,,,,,,COOP,2516.867919,
10,COOP,,961,Double Track,,,,,,,,COOP,4135.421046,
10,COOP,,979,Double Track,,,,,,,,COOP,2381.472938,
10,COOP,,1158,Single Track,,,,,,,,COOP,12164.9826,
10,COOP,,1191,Single Track,,,,,,,,COOP,1048.26487,
10,COOP,,1192,Single Track,,,,,,,,COOP,219.3951678,
10,COOP,,1193,Single Track,,,,,,,,COOP,1058.026923,
10,COOP,,1194,Single Track,,,,,,,,COOP,473.3258922,
10,COOP,,1195,Single Track,,,,,,,,COOP,293.0738918,
10,COOP,,1196,Single Track,,,,,,,,COOP,1792.026719,
10,COOP,,1197,Single Track,,,,,,,,COOP,424.847339,
10,COOP,,1198,Single Track,,,,,,,,COOP,814.6061547,
10,COOP,,1199,Single Track,,,,,,,,COOP,1392.928314,
10,COOP,,1200,Single Track,,,,,,,,COOP,323.4864215,
10,COOP,,1201,Single Track,,,,,,,,COOP,898.5132215,
11,FISKE TRAIL,,1049,Single Track,,,,,,,,FISKE TRAIL,1171.426356,
12,Gormley Trail,,30,Single Track,,,,,,,,Gormley Trail,350.0644728,
12,Gormley Trail yellow blaze,,83,Single Track,,,,,,,,Gormley Trail yellow blaze,1247.59282,
13,Hicks Trail,,206,Double Track,,,,,,,,Hicks Trail,3429.5098,
14,John B. Hudson Trail,,191,Single Track,,,,,,,,John B. Hudson Trail,552.835362,
14,John B. Hudson Trail,,193,Single Track,,,,,,,,"John B. Hudson, west branch",3015.890324,
14,John B. Hudson Trail,,194,Single Track,,,,,,,,"John B. Hudson, east branch, yellow blaze",2171.943028,
14,John B. Hudson Trail,,242,Single Track,,,,,,,,Hudson Trail,5430.744852,
15,LincWoods,,259,Gravel Road,,,,,,,,LincWoods,311.4473998,
15,LincWoods,,260,Double Track,,,,,,,,LincWoods,291.4539108,
15,LincWoods,,261,Single Track,,,,,,,,LincWoods,998.9056009,
15,LincWoods,,262,Single Track,,,,,,,,LincWoods,1117.753865,
15,LincWoods,,263,Gravel Road,,,,,,,,LincWoods,125.6012833,
15,LincWoods,,264,Single Track,,,,,,,,LincWoods,1235.133086,
15,LincWoods,,265,Single Track,,,,,,,,LincWoods,1807.494619,
15,LincWoods,,266,Single Track,,,,,,,,LincWoods,334.5700317,
15,LincWoods,,267,Single Track,,,,,,,,LincWoods,1154.786895,
15,LincWoods,,268,Single Track,,,,,,,,LincWoods,305.9254261,
15,LincWoods,,269,Single Track,,,,,,,,LincWoods,417.3557357,
15,LincWoods,,336,Single Track,,,,,,,,LincWoods,810.9957197,
15,LincWoods,,337,Double Track,,,,,,,,LincWoods,641.428435,
15,LincWoods,,338,Single Track,,,,,,,,LincWoods,2817.309304,
15,LincWoods,,339,Single Track,,,,,,,,LincWoods,1528.923004,
15,LincWoods,,340,Single Track,,,,,,,,LincWoods,1092.194054,
15,LincWoods,,341,Single Track,,,,,,,,LincWoods,559.0635688,
15,LincWoods,,342,Single Track,,,,,,,,LincWoods,1281.58872,
15,LincWoods,,343,Single Track,,,,,,,,LincWoods,258.9735894,
15,LincWoods,,344,Single Track,,,,,,,,LincWoods,1045.491577,
15,LincWoods,,345,Double Track,,,,,,,,LincWoods,1480.096749,
15,LincWoods,,346,Single Track,,,,,,,,LincWoods,1287.057926,
15,LincWoods,,347,Single Track,,,,,,,,LincWoods,790.8384928,
15,LincWoods,,348,Single Track,,,,,,,,LincWoods,191.2018015,
15,LincWoods,,349,Single Track,,,,,,,,LincWoods,355.6510565,
15,LincWoods,,350,Single Track,,,,,,,,LincWoods,411.1930308,
15,LincWoods,,351,Paved Road,,,,,,,,LincWoods,1307.453452,
15,LincWoods,,352,Paved Road,,,,,,,,LincWoods,706.0434974,
15,LincWoods,,353,Single Track,,,,,,,,LincWoods,1102.336322,
15,LincWoods,,354,Paved Road,,,,,,,,LincWoods,1388.035194,
15,LincWoods,,355,Paved Road,,,,,,,,LincWoods,185.16786,
15,LincWoods,,356,Paved Road,,,,,,,,LincWoods,2797.889465,
15,LincWoods,,357,Paved Road,,,,,,,,LincWoods,186.2078971,
15,LincWoods,,358,Paved Road,,,,,,,,LincWoods,161.4792147,
15,LincWoods,,359,Paved Road,,,,,,,,LincWoods,241.4697054,
15,LincWoods,,360,Paved Road,,,,,,,,LincWoods,598.5323039,
15,LincWoods,,361,Paved Road,,,,,,,,LincWoods,1129.464201,
15,LincWoods,,362,Paved Road,,,,,,,,LincWoods,542.6700966,
15,LincWoods,,363,Paved Road,,,,,,,,LincWoods,486.5216755,
15,LincWoods,,364,Paved Road,,,,,,,,LincWoods,527.4198869,
15,LincWoods,,365,Paved Road,,,,,,,,LincWoods,118.1927039,
15,LincWoods,,366,Paved Road,,,,,,,,LincWoods,214.6651072,
15,LincWoods,,367,Paved Road,,,,,,,,LincWoods,83.10121183,
15,LincWoods,,368,Paved Road,,,,,,,,LincWoods,314.5187182,
15,LincWoods,,369,Gravel Road,,,,,,,,LincWoods,219.4460723,
15,LincWoods,,370,Double Track,,,,,,,,LincWoods,649.0848077,
15,LincWoods,,371,Double Track,,,,,,,,LincWoods,394.4642698,
15,LincWoods,,372,Double Track,,,,,,,,LincWoods,215.461185,
15,LincWoods,,373,Gravel Road,,,,,,,,LincWoods,889.8300511,
15,LincWoods,,374,Paved Road,,,,,,,,LincWoods,594.8380165,
15,LincWoods,,375,Paved Road,,,,,,,,LincWoods,896.0446253,
15,LincWoods,,376,Single Track,,,,,,,,LincWoods,631.0541408,
15,LincWoods,,377,Gravel Road,,,,,,,,LincWoods,334.7602141,
15,LincWoods,,378,Single Track,,,,,,,,LincWoods,832.8297386,
15,LincWoods,,1029,Gravel Road,,,,,,,,LincWoods,563.9348181,
15,LincWoods,,1030,Gravel Road,,,,,,,,LincWoods,586.37371,
15,LincWoods,,1040,Paved Road,,,,,,,,LincWoods,2897.142017,
15,LincWoods,,1041,Paved Road,,,,,,,,LincWoods,5259.098764,
15,LincWoods,,1042,Paved Road,,,,,,,,LincWoods,3198.74841,
15,LincWoods,,1043,Paved Road,,,,,,,,LincWoods,240.022789,
15,LincWoods,,1044,Paved Road,,,,,,,,LincWoods,163.1801917,
15,LincWoods,,1045,Paved Road,,,,,,,,LincWoods,938.9387113,
15,LincWoods,,1046,Paved Road,,,,,,,,LincWoods,5154.168802,
15,LincWoods,,1167,Single Track,,,,,,,,LincWoods,1435.318541,
15,LincWoods,,1168,Single Track,,,,,,,,LincWoods,3480.905634,
15,LincWoods,,1169,Single Track,,,,,,,,LincWoods,1598.885649,
15,LincWoods,,1170,Single Track,,,,,,,,LincWoods,2030.480624,
15,LincWoods,,1171,Single Track,,,,,,,,LincWoods,2603.482464,
16,Mount Tom Trail,,858,Double Track,,,,,,,,Mount Tom Trail,3791.106344,
17,Mountain Bike,,785,Single Track,,,,,,,,Mountain Bike,2612.419598,
17,Mountain Bike,,1159,Single Track,,,,,,,,Mountain Bike,7947.54336,
18,Newman Trail,,205,Double Track,,,,,,,,Newman Trail,248.1052405,
18,Newman Trail,,860,Double Track,,,,,,,,Newman Trail,3139.405134,
18,Newman Trail,,861,Double Track,,,,,,,,Newman Trail,2286.146788,
18,Newman Trail,,992,Gravel Road,,,,,,,,NEWMAN,1392.164574,
19,NORTH SOUTH TRAIL,,14,Single Track,,,,,,,,NORTH SOUTH TRAIL,3772.133839,
19,NORTH SOUTH TRAIL,,15,Double Track,,,,,,,,NORTH SOUTH TRAIL,3720.58756,
19,Gormley & North South yellow & blue,,59,Single Track,,,,,,,,Gormley & North South yellow & blue,1388.778933,
19,Gormley & North South yellow & blue,,61,Single Track,,,,,,,,Gormley & North South yellow & blue,2979.115134,
19,Gormley & North South yellow & blue,,66,Double Track,,,,,,,,Gormley & North South yellow & blue,2489.527657,
19,Gormley & North South yellow & blue,,68,Double Track,,,,,,,,Gormley & North South yellow & blue,2679.538128,
19,Gormley & North South yellow & blue,,71,Single Track,,,,,,,,Gormley & North South yellow & blue,4492.076663,
19,NORTH SOUTH TRAIL,,94,Double Track,,,,,,,,NORTH SOUTH TRAIL,2740.018034,
19,NORTH SOUTH TRAIL,,132,Single Track,,,,,,,,NORTH SOUTH TRAIL,1458.8734,
19,NORTH SOUTH TRAIL,,153,Single Track,,,,,,,,NORTH SOUTH TRAIL,1785.465961,
19,NORTH SOUTH TRAIL,,156,Single Track,,,,,,,,"North South Trail, blue blaze",1293.091457,
19,NORTH SOUTH TRAIL,,163,Gravel Road,,,,,,,,NORTH SOUTH TRAIL,252.5685886,
19,NORTH SOUTH TRAIL,,164,Gravel Road,,,,,,,,NORTH SOUTH TRAIL,1795.727779,
19,NORTH SOUTH TRAIL,,963,Double Track,,,,,,,,NORTH SOUTH TRAIL,2092.091787,
19,NORTH SOUTH TRAIL,,1003,Gravel Road,,,,,,,,NORTH SOUTH TRAIL,1424.793873,
19,NORTH SOUTH TRAIL,,1005,Gravel Road,,,,,,,,NORTH SOUTH TRAIL,1336.776541,
19,NORTH SOUTH TRAIL,,1006,Gravel Road,,,,,,,,NORTH SOUTH TRAIL,619.1030665,
19,NORTH SOUTH TRAIL,,1064,Single Track,,,,,,,,NORTH SOUTH TRAIL,3290.393666,
19,NORTH SOUTH TRAIL,,1065,Single Track,,,,,,,,NORTH SOUTH TRAIL,1184.888177,
20,"Pachaug Trail, yellow blaze",,100,Single Track,,,,,,,,"Pachaug Trail, yellow blaze, fair",6618.97945,
21,Paully Trail,,223,Single Track,,,,,,,,Paully Trail,1543.192919,
21,Paully Trail,,224,Single Track,,,,,,,,"Paully Trail , repair",4853.643015,
21,Paully Trail,,1067,Single Track,,,,,,,,Paully Trail,9214.807474,
22,Shelter Trail,,200,Single Track,,,,,,,,Shelter Trail,1486.636838,
22,Shelter Trail,,201,Single Track,,,,,,,,Shelter Trail,1869.342674,
22,Shelter Trail,,1068,Single Track,,,,,,,,Shelter Trail,1807.698934,
22,Shelter Trail,,1069,Single Track,,,,,,,,Shelter Trail,7670.827972,
23,Simmons Mill,,752,Double Track,,,,,,,,Simmons Mill,1094.961922,
23,Simmons Mill,,753,Double Track,,,,,,,,Simmons Mill,3883.508617,
23,Simmons Mill,,754,Double Track,,,,,,,,Simmons Mill,754.4688137,
23,Simmons Mill,,755,Double Track,,,,,,,,Simmons Mill,430.6365479,
23,Simmons Mill,,756,Double Track,,,,,,,,Simmons Mill,306.5374944,
23,Simmons Mill,,983,Double Track,,,,,,,,Simmons Mill,4850.31453,
23,Simmons Mill,,984,Double Track,,,,,,,,Simmons Mill,3383.949819,
23,Simmons Mill,,985,Double Track,,,,,,,,Simmons Mill,1759.301682,
23,Simmons Mill,,986,Double Track,,,,,,,,Simmons Mill,1662.541543,
24,Ski Trail,,426,Double Track,,,,,,,,Ski Trail,2540.502785,
24,Ski Trail,,429,Gravel Road,,,,,,,,Ski Trail,1020.975183,
24,Ski Trail,,438,Single Track,,,,,,,,Ski Trail,484.1139079,
24,Ski Trail,,439,Single Track,,,,,,,,Ski Trail,3881.471423,
24,Ski Trail,,449,Single Track,,,,,,,,Ski Trail,924.9194724,
24,Ski Trail,,974,Double Track,,,,,,,,Ski Trail,3022.451121,
24,Ski Trail,,1027,Gravel Road,,,,,,,,Ski Trail,5339.190158,
24,Ski Trail,,1028,Gravel Road,,,,,,,,Ski Trail,9705.030457,
24,Ski Trail,,1165,Single Track,,,,,,,,Ski Trail,3716.018341,
25,Snake Den,,454,Double Track,,,,,,,,Snake Den,4486.789532,
25,Snake Den,,455,Double Track,,,,,,,,Snake Den,1150.704626,
25,Snake Den,,456,Double Track,,,,,,,,Snake Den,419.4295986,
25,Snake Den,,457,Single Track,,,,,,,,Snake Den,1159.089679,
25,Snake Den,,458,Single Track,,,,,,,,Snake Den,3595.270336,
25,Snake Den,,459,Single Track,,,,,,,,Snake Den,1620.306086,
25,Snake Den,,460,Double Track,,,,,,,,Snake Den,5145.708668,
25,Snake Den,,461,Double Track,,,,,,,,Snake Den,1498.288622,
25,Snake Den,,462,Single Track,,,,,,,,Snake Den,990.0125028,
25,Snake Den,,463,Single Track,,,,,,,,Snake Den,2111.785454,
25,Snake Den,,464,Single Track,,,,,,,,Snake Den,1126.345226,
25,Snake Den,,465,Double Track,,,,,,,,Snake Den,5681.515778,
25,Snake Den,,466,Double Track,,,,,,,,Snake Den,4835.566876,
25,Snake Den,,1175,Single Track,,,,,,,,Snake Den,7472.917762,
25,Snake Den,,1176,Single Track,,,,,,,,Snake Den,1957.960532,
25,Snake Den,,1177,Single Track,,,,,,,,Snake Den,1694.948524,
25,Snake Den,,1178,Single Track,,,,,,,,Snake Den,5014.782613,
25,Snake Den,,1179,Single Track,,,,,,,,Snake Den,262.3979212,
25,Snake Den,,1180,Single Track,,,,,,,,Snake Den,292.7119145,
25,Snake Den,,1181,Single Track,,,,,,,,Snake Den,384.6086672,
26,Tower Trail,,183,Single Track,,,,,,,,Tower Trail,450.6641998,
27,Trail to Emerson,,245,Single Track,,,,,,,,Trail to Emerson,1618.242638,
27,Trail to Emerson,,750,Double Track,,,,,,,,Trail to Emerson,338.1013298,
27,Trail to Emerson,,751,Double Track,,,,,,,,Trail to Emerson,1042.55177,
27,Trail to Emerson,,1163,Single Track,,,,,,,,Trail to Emerson,4199.387209,
28,Tripp Trail,,188,Double Track,,,,,,,,Tripp Trail,3896.234059,
29,White blaze,,86,Single Track,,,,,,,,"White blaze, trail is poor",3732.2003,
29,White blaze,,87,Double Track,,,,,,,,white blaze,3036.967997,
30,Wildcat Trail,,180,Single Track,,,,,,,,Wildcat Trail,1811.566973,
30,Wildcat Trail,,869,Double Track,,,,,,,,Wildcat Trail,4261.129926,
,,,1,Single Track,,,,,,,,universal access,1486.331009,
,,,2,Single Track,,,,,,,,None,3615.34795,
,,,3,Gravel Road,,,,,,,,None,6081.071227,
,,,4,Double Track,,,,,,,,None,700.6320973,
,,,5,Double Track,,,,,,,,None,1594.788506,
,,,6,Double Track,,,,,,,,None,2572.836772,
,,,7,Double Track,,,,,,,,None,1576.897885,
,,,8,Double Track,,,,,,,,None,1860.09189,
,,,9,Double Track,,,,,,,,None,2237.909695,
,,,10,Double Track,,,,,,,,None,4406.174311,
,,,11,Double Track,,,,,,,,None,3244.088572,
,,,12,Single Track,,,,,,,,None,113.7776513,
,,,13,Double Track,,,,,,,,None,2232.892266,
,,,16,Single Track,,,,,,,,None,731.4837757,
,,,17,Single Track,,,,,,,,None,917.8731956,
,,,18,Double Track,,,,,,,,None,290.6322761,
,,,19,Double Track,,,,,,,,None,2481.601432,
,,,20,Double Track,,,,,,,,None,233.4221685,
,,,21,Double Track,,,,,,,,None,3442.519852,
,,,22,Double Track,,,,,,,,None,2236.777173,
,,,23,Double Track,,,,,,,,None,691.1017235,
,,,24,Double Track,,,,,,,,None,1013.717627,
,,,25,Double Track,,,,,,,,None,184.0078241,
,,,26,Double Track,,,,,,,,None,310.9131104,
,,,27,Double Track,,,,,,,,None,575.7493935,
,,,28,Double Track,,,,,,,,None,1994.260517,
,,,29,Double Track,,,,,,,,None,1763.299633,
,,,31,Double Track,,,,,,,,None,356.9060445,
,,,32,Gravel Road,,,,,,,,None,5759.938641,
,,,33,Gravel Road,,,,,,,,None,10681.77528,
,,,34,Gravel Road,,,,,,,,None,223.4035917,
,,,35,Gravel Road,,,,,,,,None,428.3261319,
,,,36,Gravel Road,,,,,,,,None,1831.036907,
,,,37,Gravel Road,,,,,,,,None,390.6093694,
,,,38,Gravel Road,,,,,,,,None,940.9307648,
,,,39,Gravel Road,,,,,,,,None,873.6371055,
,,,40,Gravel Road,,,,,,,,None,1293.4949,
,,,41,Gravel Road,,,,,,,,poor condition,1250.161182,
,,,42,Gravel Road,,,,,,,,poor condition,3678.867993,
,,,43,Gravel Road,,,,,,,,poor condition,1340.313379,
,,,44,Double Track,,,,,,,,poor condition,3142.012917,
,,,45,Double Track,,,,,,,,None,7477.731549,
,,,46,Double Track,,,,,,,,None,2059.233819,
,,,47,Double Track,,,,,,,,None,2215.078932,
,,,48,Double Track,,,,,,,,None,1370.965032,
,,,49,Double Track,,,,,,,,None,135.8296004,
,,,50,Double Track,,,,,,,,None,3314.82776,
,,,51,Double Track,,,,,,,,None,996.1367406,
,,,52,Double Track,,,,,,,,None,1236.119059,
,,,53,Double Track,,,,,,,,None,571.9253771,
,,,54,Double Track,,,,,,,,None,243.2387478,
,,,55,Double Track,,,,,,,,None,2624.347904,
,,,56,Double Track,,,,,,,,None,2317.830982,
,,,57,Double Track,,,,,,,,None,357.377196,
,,,58,Double Track,,,,,,,,None,1061.133542,
,,,60,Double Track,,,,,,,,None,316.9423887,
,,,62,Single Track,,,,,,,,None,448.2303491,
,,,63,Single Track,,,,,,,,NORTH SOUTH TRAIL,1686.918513,
,,,64,Single Track,,,,,,,,NORTH SOUTH TRAIL,3195.059577,
,,,65,Double Track,,,,,,,,None,922.3007169,
,,,67,Double Track,,,,,,,,"Gormley, yellow blaze",570.6488899,
,,,69,Double Track,,,,,,,,None,1999.037017,
,,,70,Double Track,,,,,,,,None,757.2748173,
,,,72,Single Track,,,,,,,,COOP,3950.120308,
,,,73,Single Track,,,,,,,,COOP,408.741826,
,,,74,Single Track,,,,,,,,COOP,1988.576197,
,,,75,Single Track,,,,,,,,COOP,565.6072506,
,,,76,Single Track,,,,,,,,COOP,1218.117083,
,,,77,Single Track,,,,,,,,COOP,5525.949668,
,,,78,Single Track,,,,,,,,COOP,5858.854933,
,,,79,Double Track,,,,,,,,COOP,450.4341556,
,,,80,Gravel Road,,,,,,,,COOP,3597.186248,
,,,81,Double Track,,,,,,,,COOP,2578.447592,
,,,82,Double Track,,,,,,,,COOP,1662.263386,
,,,84,Gravel Road,,,,,,,,None,1687.490962,
,,,85,Double Track,,,,,,,,None,585.7128377,
,,,88,Double Track,,,,,,,,dead end,2873.213617,
,,,89,Double Track,,,,,,,,None,1582.673386,
,,,90,Single Track,,,,,,,,"needs work, blowdowns",2205.015513,
,,,91,Double Track,,,,,,,,None,1020.122783,
,,,92,Double Track,,,,,,,,Private,1521.059888,
,,,93,Double Track,,,,,,,,None,531.3869044,
,,,95,Double Track,,,,,,,,None,2821.958636,
,,,96,Double Track,,,,,,,,None,1520.479541,
,,,97,Single Track,,,,,,,,None,719.336575,
,,,98,Double Track,,,,,,,,None,1729.70243,
,,,99,Gravel Road,,,,,,,,None,3797.805734,
,,,101,Gravel Road,,,,,,,,None,3853.805686,
,,,102,Gravel Road,,,,,,,,None,1194.582487,
,,,106,Gravel Road,,,,,,,,None,1241.928138,
,,,107,Single Track,,,,,,,,None,1329.107928,
,,,108,Gravel Road,,,,,,,,None,3248.010806,
,,,109,Double Track,,,,,,,,None,3873.200846,
,,,110,Gravel Road,,,,,,,,None,3024.399216,
,,,111,Single Track,,,,,,,,None,1152.18116,
,,,112,Single Track,,,,,,,,None,3905.778782,
,,,113,Single Track,,,,,,,,None,2528.078046,
,,,114,Single Track,,,,,,,,None,1055.481313,
,,,115,Gravel Road,,,,,,,,None,8359.956222,
,,,116,Double Track,,,,,,,,None,2648.441896,
,,,117,Single Track,,,,,,,,None,1059.438818,
,,,118,Gravel Road,,,,,,,,None,2147.60013,
,,,119,Single Track,,,,,,,,NO NAME,1443.112968,
,,,120,Single Track,,,,,,,,NO NAME,3474.93068,
,,,121,Single Track,,,,,,,,Fair,1525.674623,
,,,122,Double Track,,,,,,,,None,4226.806825,
,,,123,Single Track,,,,,,,,Fair,5580.139783,
,,,124,Single Track,,,,,,,,QUESTIONABLE TRAIL,1575.620714,
,,,125,Single Track,,,,,,,,NO NAME,4571.912757,
,,,126,Gravel Road,,,,,,,,NO NAME,455.746528,
,,,127,Double Track,,,,,,,,Owner = Fish & Wildlife,1198.825086,
,,,128,Double Track,,,,,,,,Owner = Fish & Wildlife,2311.798334,
,,,129,Double Track,,,,,,,,Owner = Fish & Wildlife,3643.032199,
,,,130,Double Track,,,,,,,,Owner = Fish & Wildlife,4540.802489,
,,,131,Single Track,,,,,,,,None,308.9381519,
,,,133,Gravel Road,,,,,,,,None,1454.422588,
,,,134,Single Track,,,,,,,,None,1444.635762,
,,,135,Single Track,,,,,,,,None,4198.080558,
,,,136,Single Track,,,,,,,,None,14751.25028,
,,,137,Single Track,,,,,,,,None,2451.967669,
,,,138,Single Track,,,,,,,,None,688.8495917,
,,,139,Double Track,,,,,,,,None,4494.621189,
,,,140,Double Track,,,,,,,,None,1524.20881,
,,,141,Double Track,,,,,,,,None,1764.062369,
,,,142,Single Track,,,,,,,,None,8381.684039,
,,,143,Double Track,,,,,,,,Owner = Fish & Wildlife,1463.712196,
,,,144,Double Track,,,,,,,,Owner = Fish & Wildlife,5120.830983,
,,,145,Double Track,,,,,,,,Owner = Fish & Wildlife,4161.307482,
,,,146,Double Track,,,,,,,,Owner = Fish & Wildlife,1883.654851,
,,,147,Double Track,,,,,,,,Owner = Fish & Wildlife,3615.968583,
,,,148,Double Track,,,,,,,,Owner = Fish & Wildlife,1925.687572,
,,,149,Double Track,,,,,,,,Owner = Fish & Wildlife,2607.327004,
,,,150,Double Track,,,,,,,,Owner = Fish & Wildlife,3318.551854,
,,,151,Double Track,,,,,,,,Owner = Fish & Wildlife,3060.155371,
,,,152,Double Track,,,,,,,,Owner = Fish & Wildlife,731.3149072,
,,,155,Double Track,,,,,,,,None,1981.896576,
,,,157,Gravel Road,,,,,,,,NO NAME,5119.607547,
,,,158,Gravel Road,,,,,,,,None,6311.419801,
,,,159,Gravel Road,,,,,,,,None,5285.195136,
,,,160,Single Track,,,,,,,,None,94.08255574,
,,,161,Double Track,,,,,,,,Mt Tom Trail; fair,2468.604136,
,,,162,Gravel Road,,,,,,,,None,314.8400026,
,,,165,Single Track,,,,,,,,None,162.3799488,
,,,166,Single Track,,,,,,,,NO NAME,152.7217156,
,,,167,Single Track,,,,,,,,NO NAME,940.7277826,
,,,169,Single Track,,,,,,,,NO NAME,530.1385742,
,,,170,Single Track,,,,,,,,"Mount Tom Trail, white blaze",4948.906764,
,,,171,Single Track,,,,,,,,Dove Crest,6867.738215,
,,,172,Single Track,,,,,,,,"Mount Tom Trail, white blaze",1773.246239,
,,,173,Single Track,,,,,,,,NO NAME,2763.905035,
,,,174,Double Track,,,,,,,,"no name , repair",1377.985284,
,,,175,Single Track,,,,,,,,NO NAME,136.8531318,
,,,176,Single Track,,,,,,,,None,87.7411732,
,,,177,Single Track,,,,,,,,None,1914.931741,
,,,178,Single Track,,,,,,,,Old Ten Rod Road,454.8395529,
,,,179,Single Track,,,,,,,,"no name , repair",4273.924175,
,,,181,Single Track,,,,,,,,"no name , unknown",7694.185953,
,,,182,Single Track,,,,,,,,None,1040.162584,
,,,184,Single Track,,,,,,,,"unnamed, fair",2277.148853,
,,,185,Double Track,,,,,,,,"no name , repair",1959.099587,
,,,186,Single Track,,,,,,,,None,1878.087784,
,,,187,Single Track,,,,,,,,None,2193.107777,
,,,190,Single Track,,,,,,,,Narragansett Gun Club,1831.365241,
,,,192,Single Track,,,,,,,,None,232.3789788,
,,,195,Single Track,,,,,,,,unnamed,813.7158223,
,,,196,Double Track,,,,,,,,Good,2841.845736,
,,,197,Single Track,,,,,,,,Good,623.3771627,
,,,198,Single Track,,,,,,,,Good,2232.705403,
,,,199,Single Track,,,,,,,,Good,1359.103634,
,,,202,Double Track,,,,,,,,OFF NEWMAN,1908.151216,
,,,207,Single Track,,,,,,,,UNNAMED,3410.678375,
,,,208,Single Track,,,,,,,,None,912.9351448,
,,,209,Double Track,,,,,,,,None,1778.131584,
,,,210,Double Track,,,,,,,,None,462.6066113,
,,,211,Double Track,,,,,,,,None,703.7543116,
,,,212,Double Track,,,,,,,,None,505.2115048,
,,,213,Single Track,,,,,,,,None,581.2215736,
,,,214,Single Track,,,,,,,,None,2482.675722,
,,,215,Single Track,,,,,,,,None,401.2328636,
,,,216,Single Track,,,,,,,,None,2983.592624,
,,,217,Single Track,,,,,,,,None,643.1607801,
,,,218,Single Track,,,,,,,,None,119.4276122,
,,,219,Double Track,,,,,,,,None,569.9589965,
,,,220,Single Track,,,,,,,,UNNAMED,3225.221187,
,,,221,Gravel Road,,,,,,,,MATTESON PLAIN ROAD,167.8396133,
,,,222,Single Track,,,,,,,,UNNAMED,3050.385091,
,,,225,Single Track,,,,,,,,UNNAMED,2010.761135,
,,,226,Single Track,,,,,,,,"Mount Tom ,",600.3561074,
,,,227,Double Track,,,,,,,,None,4418.896109,
,,,229,Single Track,,,,,,,,None,82.40931849,
,,,230,Double Track,,,,,,,,None,1701.709062,
,,,231,Gravel Road,,,,,,,,None,2033.585948,
,,,232,Double Track,,,,,,,,None,1808.431649,
,,,233,Double Track,,,,,,,,None,469.3926128,
,,,234,Double Track,,,,,,,,None,5670.833479,
,,,235,Single Track,,,,,,,,None,2456.830634,
,,,236,Gravel Road,,,,,,,,None,624.6010217,
,,,237,Single Track,,,,,,,,None,4323.99106,
,,,238,Single Track,,,,,,,,None,3810.10901,
,,,239,Double Track,,,,,,,,None,1795.698317,
,,,240,Double Track,,,,,,,,None,3003.550882,
,,,241,Double Track,,,,,,,,None,3208.822467,
,,,243,Gravel Road,,,,,,,,Gravel Road,2327.784278,
,,,244,Gravel Road,,,,,,,,Gravel Road,295.5478534,
,,,246,Single Track,,,,,,,,None,382.3006267,
,,,247,Single Track,,,,,,,,None,1494.509481,
,,,248,Single Track,,,,,,,,None,830.2553856,
,,,250,Paved Road,,,,,,,,None,511.2560863,
,,,251,Gravel Road,,,,,,,,None,720.0084998,
,,,252,Paved Path,,,,,,,,None,511.5025503,
,,,253,Gravel Road,,,,,,,,None,373.7877408,
,,,254,Gravel Road,,,,,,,,None,111.0771559,
,,,255,Paved Path,,,,,,,,None,1802.612926,
,,,256,Paved Road,,,,,,,,None,1584.353342,
,,,257,Paved Road,,,,,,,,None,1754.388191,
,,,258,Paved Path,,,,,,,,None,3288.455384,
,,,270,Gravel Road,,,,,,,,None,465.3743808,
,,,271,Gravel Road,,,,,,,,None,282.5463294,
,,,272,Gravel Road,,,,,,,,None,115.0551631,
,,,273,Gravel Road,,,,,,,,None,191.0874296,
,,,274,Single Track,,,,,,,,None,338.2275476,
,,,275,Single Track,,,,,,,,None,6930.94638,
,,,276,Single Track,,,,,,,,None,830.3929403,
,,,277,Double Track,,,,,,,,None,950.1408197,
,,,278,Double Track,,,,,,,,None,1716.259603,
,,,279,Double Track,,,,,,,,None,1208.350075,
,,,280,Double Track,,,,,,,,None,1365.310254,
,,,281,Double Track,,,,,,,,None,3985.981651,
,,,282,Double Track,,,,,,,,None,389.3552143,
,,,283,Double Track,,,,,,,,None,106.3928356,
,,,286,Double Track,,,,,,,,None,2335.572853,
,,,287,Double Track,,,,,,,,None,1618.506009,
,,,288,Gravel Road,,,,,,,,None,2788.870629,
,,,289,Single Track,,,,,,,,None,465.665843,
,,,379,Paved Road,,,,,,,,None,1942.524739,
,,,380,Paved Road,,,,,,,,None,235.5824793,
,,,381,Paved Road,,,,,,,,None,364.6227515,
,,,382,Paved Road,,,,,,,,None,1556.924259,
,,,383,Paved Road,,,,,,,,None,1025.719921,
,,,384,Paved Road,,,,,,,,None,416.5310039,
,,,385,Paved Path,,,,,,,,None,5295.850686,
,,,386,Paved Road,,,,,,,,None,2041.936528,
,,,387,Paved Road,,,,,,,,None,220.5353008,
,,,388,Paved Road,,,,,,,,None,2663.727991,
,,,389,Paved Road,,,,,,,,None,1435.7674,
,,,390,Paved Road,,,,,,,,None,1473.052669,
,,,391,Paved Road,,,,,,,,None,1115.383917,
,,,392,Paved Road,,,,,,,,None,642.9100742,
,,,393,Paved Road,,,,,,,,None,289.779136,
,,,394,Paved Road,,,,,,,,None,51.31390206,
,,,395,Paved Road,,,,,,,,None,1126.031289,
,,,396,Paved Road,,,,,,,,None,478.1622642,
,,,397,Paved Road,,,,,,,,None,190.1516178,
,,,398,Paved Road,,,,,,,,None,130.984054,
,,,399,Paved Road,,,,,,,,None,461.8352325,
,,,400,Paved Road,,,,,,,,None,466.6651346,
,,,401,Paved Road,,,,,,,,None,933.5367768,
,,,402,Paved Road,,,,,,,,None,191.4697465,
,,,403,Paved Road,,,,,,,,None,182.2117673,
,,,404,Paved Road,,,,,,,,None,703.8418136,
,,,405,Paved Road,,,,,,,,None,665.9483829,
,,,406,Paved Path,,,,,,,,None,9026.934405,
,,,407,Single Track,,,,,,,,None,14528.58535,
,,,408,Double Track,,,,,,,,None,270.2328871,
,,,409,Double Track,,,,,,,,None,2302.381725,
,,,410,Single Track,,,,,,,,None,428.3643697,
,,,411,Gravel Road,,,,,,,,None,373.1993144,
,,,412,Paved Road,,,,,,,,None,721.1847794,
,,,413,Gravel Road,,,,,,,,None,130.2122891,
,,,414,Gravel Road,,,,,,,,None,102.8627115,
,,,415,Gravel Road,,,,,,,,None,106.9292494,
,,,416,Gravel Road,,,,,,,,None,2617.704932,
,,,417,Gravel Road,,,,,,,,None,4389.634704,
,,,418,Gravel Road,,,,,,,,None,6929.115854,
,,,419,Gravel Road,,,,,,,,None,1430.943475,
,,,420,Gravel Road,,,,,,,,None,4996.438588,
,,,421,Gravel Road,,,,,,,,None,3028.668746,
,,,422,Gravel Road,,,,,,,,None,1377.862787,
,,,423,Gravel Road,,,,,,,,None,3116.01666,
,,,424,Gravel Road,,,,,,,,None,2007.623383,
,,,425,Gravel Road,,,,,,,,None,3050.233256,
,,,427,Paved Road,,,,,,,,None,382.9239541,
,,,428,Paved Road,,,,,,,,None,324.5609687,
,,,430,Paved Road,,,,,,,,None,589.3276926,
,,,431,Gravel Road,,,,,,,,None,1139.11715,
,,,432,Gravel Road,,,,,,,,None,829.5313043,
,,,433,Double Track,,,,,,,,None,1088.096186,
,,,434,Double Track,,,,,,,,None,1174.12431,
,,,435,Gravel Road,,,,,,,,None,507.139143,
,,,436,Double Track,,,,,,,,None,648.2617091,
,,,437,Gravel Road,,,,,,,,None,138.6360254,
,,,440,Gravel Road,,,,,,,,None,961.6103339,
,,,441,Gravel Road,,,,,,,,None,360.5370107,
,,,442,Gravel Road,,,,,,,,None,115.9570152,
,,,443,Double Track,,,,,,,,None,174.7482294,
,,,444,Gravel Road,,,,,,,,None,136.3883654,
,,,445,Double Track,,,,,,,,None,589.3618791,
,,,446,Double Track,,,,,,,,None,622.4939465,
,,,447,Double Track,,,,,,,,None,286.1254318,
,,,448,Gravel Road,,,,,,,,None,310.5204987,
,,,450,Single Track,,,,,,,,None,318.3494008,
,,,452,Double Track,,,,,,,,None,492.4975863,
,,,453,Gravel Road,,,,,,,,None,1968.842576,
,,,467,Double Track,,,,,,,,None,478.9094179,
,,,468,Double Track,,,,,,,,None,450.5801909,
,,,469,Double Track,,,,,,,,None,383.042038,
,,,470,Double Track,,,,,,,,None,321.6320551,
,,,471,Double Track,,,,,,,,None,412.434739,
,,,472,Double Track,,,,,,,,None,266.8160057,
,,,473,Single Track,,,,,,,,None,376.9719591,
,,,474,Gravel Road,,,,,,,,None,1825.70684,
,,,475,Double Track,,,,,,,,None,1291.788918,
,,,476,Double Track,,,,,,,,None,272.6922742,
,,,477,Double Track,,,,,,,,None,219.6626652,
,,,478,Double Track,,,,,,,,None,1473.787718,
,,,479,Double Track,,,,,,,,None,483.7403053,
,,,480,Double Track,,,,,,,,None,511.1938419,
,,,481,Double Track,,,,,,,,None,457.2221812,
,,,482,Double Track,,,,,,,,None,633.9401789,
,,,483,Double Track,,,,,,,,None,169.8859825,
,,,484,Double Track,,,,,,,,None,795.2639281,
,,,485,Double Track,,,,,,,,None,112.006882,
,,,486,Double Track,,,,,,,,None,914.6267827,
,,,487,Double Track,,,,,,,,None,339.7694707,
,,,488,Double Track,,,,,,,,None,381.9457077,
,,,489,Double Track,,,,,,,,None,350.8229541,
,,,490,Double Track,,,,,,,,None,525.7897011,
,,,491,Double Track,,,,,,,,None,839.7201191,
,,,492,Double Track,,,,,,,,None,270.8572779,
,,,493,Double Track,,,,,,,,None,152.0297955,
,,,494,Double Track,,,,,,,,None,1030.068287,
,,,495,Double Track,,,,,,,,None,476.7040137,
,,,496,Double Track,,,,,,,,None,686.7127362,
,,,497,Double Track,,,,,,,,None,561.853138,
,,,498,Double Track,,,,,,,,None,181.323752,
,,,499,Double Track,,,,,,,,None,335.6412742,
,,,500,Double Track,,,,,,,,None,463.646757,
,,,501,Double Track,,,,,,,,None,879.3356709,
,,,502,Double Track,,,,,,,,None,752.5928079,
,,,503,Double Track,,,,,,,,None,489.3699156,
,,,504,Double Track,,,,,,,,None,954.4408949,
,,,505,Double Track,,,,,,,,None,1846.366093,
,,,506,Double Track,,,,,,,,None,420.8299765,
,,,507,Double Track,,,,,,,,None,1011.296688,
,,,508,Double Track,,,,,,,,None,348.2133727,
,,,509,Double Track,,,,,,,,None,1110.472275,
,,,510,Double Track,,,,,,,,None,330.5197513,
,,,511,Double Track,,,,,,,,None,548.7177643,
,,,512,Double Track,,,,,,,,None,229.5457498,
,,,513,Double Track,,,,,,,,None,1041.95436,
,,,514,Double Track,,,,,,,,None,590.0231357,
,,,515,Double Track,,,,,,,,None,1376.248731,
,,,516,Double Track,,,,,,,,None,396.1249623,
,,,517,Double Track,,,,,,,,None,1886.102631,
,,,518,Double Track,,,,,,,,None,1104.220427,
,,,519,Double Track,,,,,,,,None,648.6833754,
,,,520,Double Track,,,,,,,,None,340.924892,
,,,521,Double Track,,,,,,,,None,404.8700517,
,,,522,Double Track,,,,,,,,None,423.2126024,
,,,523,Double Track,,,,,,,,None,450.9716726,
,,,524,Double Track,,,,,,,,None,1568.447381,
,,,525,Double Track,,,,,,,,None,816.9689706,
,,,526,Double Track,,,,,,,,None,204.2208153,
,,,527,Double Track,,,,,,,,None,486.6310928,
,,,528,Double Track,,,,,,,,None,1173.951348,
,,,529,Double Track,,,,,,,,None,161.5445572,
,,,530,Double Track,,,,,,,,None,143.5121884,
,,,531,Double Track,,,,,,,,None,94.0390186,
,,,532,Double Track,,,,,,,,None,604.5983382,
,,,533,Double Track,,,,,,,,None,132.0642471,
,,,534,Double Track,,,,,,,,None,253.7512423,
,,,535,Double Track,,,,,,,,None,431.0795554,
,,,536,Double Track,,,,,,,,None,1258.035583,
,,,537,Double Track,,,,,,,,None,267.6038202,
,,,538,Double Track,,,,,,,,None,535.5069976,
,,,539,Double Track,,,,,,,,None,912.7662373,
,,,540,Double Track,,,,,,,,None,844.7472813,
,,,541,Double Track,,,,,,,,None,682.0327518,
,,,542,Double Track,,,,,,,,None,1276.328279,
,,,543,Double Track,,,,,,,,None,463.2564291,
,,,544,Double Track,,,,,,,,None,253.9267536,
,,,545,Double Track,,,,,,,,None,745.6415177,
,,,546,Double Track,,,,,,,,None,1234.695865,
,,,547,Double Track,,,,,,,,None,374.4407415,
,,,548,Double Track,,,,,,,,None,404.5613139,
,,,549,Double Track,,,,,,,,None,597.6403969,
,,,550,Double Track,,,,,,,,None,260.1785017,
,,,551,Double Track,,,,,,,,None,670.9465048,
,,,552,Double Track,,,,,,,,None,490.8625853,
,,,553,Double Track,,,,,,,,None,1069.735198,
,,,554,Double Track,,,,,,,,None,149.4685436,
,,,555,Double Track,,,,,,,,None,263.3922687,
,,,556,Double Track,,,,,,,,None,2315.80616,
,,,557,Double Track,,,,,,,,None,672.0762408,
,,,558,Double Track,,,,,,,,None,594.5571824,
,,,559,Double Track,,,,,,,,None,341.4652158,
,,,560,Double Track,,,,,,,,None,313.5015183,
,,,561,Double Track,,,,,,,,None,2082.834797,
,,,562,Double Track,,,,,,,,None,351.4187399,
,,,563,Double Track,,,,,,,,None,1040.750855,
,,,564,Double Track,,,,,,,,None,1211.915326,
,,,565,Double Track,,,,,,,,None,577.507139,
,,,566,Double Track,,,,,,,,None,392.4389415,
,,,567,Double Track,,,,,,,,None,114.9395738,
,,,568,Double Track,,,,,,,,None,977.8363287,
,,,569,Double Track,,,,,,,,None,289.839706,
,,,570,Double Track,,,,,,,,None,549.7564788,
,,,571,Double Track,,,,,,,,None,988.3672428,
,,,572,Double Track,,,,,,,,None,2347.394477,
,,,573,Double Track,,,,,,,,None,620.4720662,
,,,574,Double Track,,,,,,,,None,529.6246679,
,,,575,Double Track,,,,,,,,None,911.940665,
,,,576,Double Track,,,,,,,,None,1133.323612,
,,,577,Double Track,,,,,,,,None,1114.04925,
,,,578,Double Track,,,,,,,,None,881.8091668,
,,,579,Double Track,,,,,,,,None,1465.749399,
,,,580,Double Track,,,,,,,,None,386.799416,
,,,581,Double Track,,,,,,,,None,903.9732427,
,,,582,Double Track,,,,,,,,None,81.96197905,
,,,583,Double Track,,,,,,,,None,391.6538321,
,,,584,Double Track,,,,,,,,None,275.3536338,
,,,585,Double Track,,,,,,,,None,299.651048,
,,,586,Double Track,,,,,,,,None,289.153756,
,,,587,Double Track,,,,,,,,None,343.4608093,
,,,588,Double Track,,,,,,,,None,343.4570445,
,,,589,Double Track,,,,,,,,None,1374.195436,
,,,590,Double Track,,,,,,,,None,195.3743654,
,,,591,Double Track,,,,,,,,None,1656.248852,
,,,592,Double Track,,,,,,,,None,951.7603439,
,,,593,Double Track,,,,,,,,None,303.9053373,
,,,594,Double Track,,,,,,,,None,393.8111489,
,,,595,Double Track,,,,,,,,None,337.3830984,
,,,596,Double Track,,,,,,,,None,407.6860167,
,,,597,Double Track,,,,,,,,None,239.5804874,
,,,598,Double Track,,,,,,,,None,586.3628822,
,,,599,Double Track,,,,,,,,None,3870.598141,
,,,600,Double Track,,,,,,,,None,260.0618271,
,,,601,Double Track,,,,,,,,None,831.2839863,
,,,602,Double Track,,,,,,,,None,1629.482352,
,,,603,Double Track,,,,,,,,None,1417.791603,
,,,604,Double Track,,,,,,,,None,167.0901226,
,,,605,Double Track,,,,,,,,None,310.791508,
,,,606,Double Track,,,,,,,,None,1206.177761,
,,,607,Double Track,,,,,,,,None,976.3087504,
,,,608,Double Track,,,,,,,,None,1084.227348,
,,,609,Double Track,,,,,,,,None,626.8891983,
,,,610,Double Track,,,,,,,,None,267.2423309,
,,,611,Double Track,,,,,,,,None,288.4867714,
,,,612,Double Track,,,,,,,,None,364.0625411,
,,,613,Double Track,,,,,,,,None,404.8476176,
,,,614,Double Track,,,,,,,,None,243.8013783,
,,,615,Double Track,,,,,,,,None,6561.201212,
,,,616,Double Track,,,,,,,,None,102.7638352,
,,,617,Double Track,,,,,,,,None,388.2777955,
,,,618,Double Track,,,,,,,,None,184.3430861,
,,,619,Double Track,,,,,,,,None,144.1897009,
,,,620,Single Track,,,,,,,,None,1167.9308,
,,,621,Single Track,,,,,,,,None,598.4043018,
,,,622,Single Track,,,,,,,,None,165.027478,
,,,623,Single Track,,,,,,,,None,390.9532688,
,,,624,Single Track,,,,,,,,None,728.3851893,
,,,625,Single Track,,,,,,,,None,948.7876421,
,,,626,Single Track,,,,,,,,None,136.821601,
,,,627,Single Track,,,,,,,,None,890.5772335,
,,,628,Single Track,,,,,,,,None,772.5829799,
,,,629,Single Track,,,,,,,,None,1568.244174,
,,,630,Single Track,,,,,,,,None,221.0040562,
,,,631,Single Track,,,,,,,,None,157.7021334,
,,,632,Single Track,,,,,,,,None,188.8082761,
,,,633,Single Track,,,,,,,,None,389.8372401,
,,,634,Single Track,,,,,,,,None,191.4362437,
,,,635,Single Track,,,,,,,,None,196.9025355,
,,,636,Single Track,,,,,,,,None,1164.423268,
,,,637,Single Track,,,,,,,,None,377.4085104,
,,,638,Single Track,,,,,,,,None,988.9096843,
,,,639,Single Track,,,,,,,,None,340.3812196,
,,,640,Single Track,,,,,,,,None,206.003723,
,,,641,Single Track,,,,,,,,None,492.2620754,
,,,642,Single Track,,,,,,,,None,720.7204654,
,,,643,Single Track,,,,,,,,None,284.4414519,
,,,644,Single Track,,,,,,,,None,304.4560797,
,,,645,Single Track,,,,,,,,None,398.977986,
,,,646,Single Track,,,,,,,,None,249.9265481,
,,,647,Single Track,,,,,,,,None,311.2027169,
,,,648,Single Track,,,,,,,,None,285.5132165,
,,,649,Single Track,,,,,,,,None,231.546708,
,,,650,Single Track,,,,,,,,None,257.777427,
,,,651,Single Track,,,,,,,,None,754.0924054,
,,,652,Single Track,,,,,,,,None,515.7965986,
,,,653,Single Track,,,,,,,,None,259.8750412,
,,,654,Single Track,,,,,,,,None,562.8998525,
,,,655,Single Track,,,,,,,,None,101.3004051,
,,,656,Single Track,,,,,,,,None,266.9066767,
,,,657,Single Track,,,,,,,,None,262.3692641,
,,,658,Single Track,,,,,,,,None,1096.551574,
,,,659,Single Track,,,,,,,,None,291.4643201,
,,,660,Single Track,,,,,,,,None,4447.143412,
,,,661,Single Track,,,,,,,,None,198.6321697,
,,,662,Single Track,,,,,,,,None,139.2768092,
,,,663,Single Track,,,,,,,,None,129.0835224,
,,,664,Single Track,,,,,,,,None,1066.744262,
,,,665,Single Track,,,,,,,,None,253.44775,
,,,666,Single Track,,,,,,,,None,229.7655239,
,,,667,Single Track,,,,,,,,None,137.5801736,
,,,668,Single Track,,,,,,,,None,3475.182958,
,,,669,Single Track,,,,,,,,None,400.1746577,
,,,670,Single Track,,,,,,,,None,710.8474865,
,,,671,Single Track,,,,,,,,None,578.7319554,
,,,672,Single Track,,,,,,,,None,106.8641791,
,,,673,Single Track,,,,,,,,None,767.3126172,
,,,674,Single Track,,,,,,,,None,844.7424469,
,,,675,Single Track,,,,,,,,None,752.3251961,
,,,676,Single Track,,,,,,,,None,254.5660904,
,,,677,Single Track,,,,,,,,None,84.47228734,
,,,678,Single Track,,,,,,,,None,146.8310863,
,,,679,Single Track,,,,,,,,None,395.3618671,
,,,680,Single Track,,,,,,,,None,212.1662805,
,,,681,Single Track,,,,,,,,None,168.281257,
,,,682,Single Track,,,,,,,,None,175.3165093,
,,,683,Single Track,,,,,,,,None,1009.096621,
,,,684,Single Track,,,,,,,,None,1344.006572,
,,,685,Single Track,,,,,,,,None,1959.283791,
,,,686,Single Track,,,,,,,,None,455.1193171,
,,,687,Single Track,,,,,,,,None,1775.735353,
,,,688,Single Track,,,,,,,,None,222.1286066,
,,,689,Single Track,,,,,,,,None,321.0436289,
,,,690,Single Track,,,,,,,,None,141.886588,
,,,691,Single Track,,,,,,,,None,1095.242329,
,,,692,Single Track,,,,,,,,None,321.9576958,
,,,693,Single Track,,,,,,,,None,385.2654004,
,,,694,Single Track,,,,,,,,None,250.5995403,
,,,695,Single Track,,,,,,,,None,290.7632235,
,,,696,Single Track,,,,,,,,None,487.4506566,
,,,697,Single Track,,,,,,,,None,1851.051961,
,,,698,Single Track,,,,,,,,None,378.4764634,
,,,699,Single Track,,,,,,,,None,221.8576486,
,,,700,Single Track,,,,,,,,None,509.7639339,
,,,701,Single Track,,,,,,,,None,502.5679693,
,,,702,Single Track,,,,,,,,None,130.2127821,
,,,703,Single Track,,,,,,,,None,346.1568139,
,,,704,Single Track,,,,,,,,None,260.9184715,
,,,705,Single Track,,,,,,,,None,902.4666483,
,,,706,Single Track,,,,,,,,None,468.1971844,
,,,707,Single Track,,,,,,,,None,645.5240727,
,,,708,Single Track,,,,,,,,None,753.535897,
,,,709,Single Track,,,,,,,,None,186.434673,
,,,710,Single Track,,,,,,,,None,738.1286251,
,,,711,Single Track,,,,,,,,None,271.917573,
,,,712,Single Track,,,,,,,,None,594.9636852,
,,,713,Single Track,,,,,,,,None,690.5795664,
,,,714,Single Track,,,,,,,,None,362.5518158,
,,,715,Single Track,,,,,,,,None,130.3925009,
,,,716,Single Track,,,,,,,,None,1797.863001,
,,,717,Single Track,,,,,,,,None,1358.698842,
,,,718,Single Track,,,,,,,,None,132.1751492,
,,,719,Single Track,,,,,,,,None,2272.792931,
,,,720,Single Track,,,,,,,,None,199.0522263,
,,,721,Single Track,,,,,,,,None,859.7473028,
,,,722,Single Track,,,,,,,,None,361.9689698,
,,,723,Single Track,,,,,,,,None,190.7984455,
,,,724,Single Track,,,,,,,,None,519.189835,
,,,725,Single Track,,,,,,,,None,712.1799666,
,,,726,Single Track,,,,,,,,None,1829.955419,
,,,727,Single Track,,,,,,,,None,244.5536307,
,,,728,Single Track,,,,,,,,None,400.0100088,
,,,729,Single Track,,,,,,,,None,364.3314348,
,,,730,Single Track,,,,,,,,None,611.3992315,
,,,731,Single Track,,,,,,,,None,789.0970229,
,,,732,Single Track,,,,,,,,None,158.6757733,
,,,733,Single Track,,,,,,,,None,3230.049907,
,,,734,Single Track,,,,,,,,None,470.8151241,
,,,735,Single Track,,,,,,,,None,361.5669445,
,,,736,Single Track,,,,,,,,None,295.6526904,
,,,737,Single Track,,,,,,,,None,523.5992398,
,,,738,Single Track,,,,,,,,None,99.25407967,
,,,739,Single Track,,,,,,,,None,983.1944574,
,,,740,Single Track,,,,,,,,None,161.7696445,
,,,741,Single Track,,,,,,,,None,71.38768199,
,,,742,Single Track,,,,,,,,None,1060.455167,
,,,743,Gravel Road,,,,,,,,None,3874.643018,
,,,744,Gravel Road,,,,,,,,None,797.1902442,
,,,745,Gravel Road,,,,,,,,None,2875.322073,
,,,746,Gravel Road,,,,,,,,None,184.0513482,
,,,747,Gravel Road,,,,,,,,None,2038.408762,
,,,748,Gravel Road,,,,,,,,None,549.6994328,
,,,749,Gravel Road,,,,,,,,None,918.2405928,
,,,757,Gravel Road,,,,,,,,None,3098.279763,
,,,758,Gravel Road,,,,,,,,None,2438.09165,
,,,759,Double Track,,,,,,,,None,2327.196401,
,,,760,Double Track,,,,,,,,None,1198.257677,
,,,761,Gravel Road,,,,,,,,None,8978.75055,
,,,762,Double Track,,,,,,,,None,798.8900625,
,,,763,Double Track,,,,,,,,None,1926.935355,
,,,764,Gravel Road,,,,,,,,None,889.705706,
,,,765,Double Track,,,,,,,,None,706.1498301,
,,,766,Double Track,,,,,,,,None,3003.869274,
,,,767,Single Track,,,,,,,,None,3820.353115,
,,,768,Double Track,,,,,,,,None,1597.83414,
,,,769,Single Track,,,,,,,,None,785.0142266,
,,,770,Double Track,,,,,,,,None,4916.615705,
,,,771,Double Track,,,,,,,,None,1664.28951,
,,,772,Double Track,,,,,,,,None,1272.635991,
,,,773,Double Track,,,,,,,,None,412.4758631,
,,,774,Single Track,,,,,,,,None,696.0649721,
,,,775,Single Track,,,,,,,,None,659.6420579,
,,,776,Single Track,,,,,,,,None,379.0455878,
,,,777,Single Track,,,,,,,,None,2492.090325,
,,,778,Double Track,,,,,,,,None,762.0778946,
,,,779,Double Track,,,,,,,,None,2439.455451,
,,,780,Single Track,,,,,,,,COOP,1723.005167,
,,,781,Single Track,,,,,,,,COOP,1854.704652,
,,,782,Single Track,,,,,,,,COOP,1352.153441,
,,,783,Single Track,,,,,,,,COOP,809.080697,
,,,784,Single Track,,,,,,,,None,759.1777227,
,,,786,Single Track,,,,,,,,None,1887.340791,
,,,787,Single Track,,,,,,,,None,553.4062341,
,,,806,Double Track,,,,,,,,None,2527.383557,
,,,807,Double Track,,,,,,,,None,3480.985208,
,,,808,Double Track,,,,,,,,None,237.8973482,
,,,809,Double Track,,,,,,,,None,4080.881032,
,,,810,Double Track,,,,,,,,None,3325.329402,
,,,811,Double Track,,,,,,,,None,1715.96686,
,,,812,Double Track,,,,,,,,None,2052.484954,
,,,813,Double Track,,,,,,,,None,3136.915451,
,,,814,Double Track,,,,,,,,None,3168.091555,
,,,815,Double Track,,,,,,,,None,3873.637887,
,,,816,Double Track,,,,,,,,None,1294.896342,
,,,817,Double Track,,,,,,,,None,3580.968845,
,,,818,Double Track,,,,,,,,None,3088.227916,
,,,819,Double Track,,,,,,,,None,660.4828734,
,,,820,Double Track,,,,,,,,None,907.9684011,
,,,821,Double Track,,,,,,,,None,2519.894371,
,,,822,Double Track,,,,,,,,None,2055.87206,
,,,823,Double Track,,,,,,,,None,2647.367111,
,,,824,Double Track,,,,,,,,None,953.3784793,
,,,825,Double Track,,,,,,,,None,1636.296023,
,,,826,Double Track,,,,,,,,None,1547.855013,
,,,827,Double Track,,,,,,,,None,3162.717289,
,,,828,Double Track,,,,,,,,None,1793.162897,
,,,829,Double Track,,,,,,,,None,1375.78789,
,,,830,Double Track,,,,,,,,None,1004.396785,
,,,831,Double Track,,,,,,,,None,6474.277356,
,,,832,Double Track,,,,,,,,None,3527.959436,
,,,833,Double Track,,,,,,,,None,4231.289234,
,,,834,Double Track,,,,,,,,None,628.6021655,
,,,835,Double Track,,,,,,,,None,1266.578457,
,,,836,Single Track,,,,,,,,None,2605.255824,
,,,837,Double Track,,,,,,,,None,1865.680946,
,,,838,Double Track,,,,,,,,None,1060.052508,
,,,839,Double Track,,,,,,,,None,1773.105018,
,,,840,Double Track,,,,,,,,None,1743.8026,
,,,841,Double Track,,,,,,,,None,951.4900721,
,,,842,Double Track,,,,,,,,None,1590.715135,
,,,843,Double Track,,,,,,,,None,971.6070071,
,,,844,Double Track,,,,,,,,None,468.8173063,
,,,845,Double Track,,,,,,,,None,1069.996669,
,,,846,Double Track,,,,,,,,None,2322.346814,
,,,847,Double Track,,,,,,,,Owner = Fish & Wildlife,906.3420424,
,,,848,Double Track,,,,,,,,Owner = Fish & Wildlife,2033.742339,
,,,849,Double Track,,,,,,,,Owner = Fish & Wildlife,2852.65406,
,,,850,Paved Road,,,,,,,,None,181.4723531,
,,,852,Single Track,,,,,,,,None,327.5956751,
,,,853,Single Track,,,,,,,,None,3673.234907,
,,,854,Single Track,,,,,,,,None,321.0658766,
,,,855,Single Track,,,,,,,,None,133.4999508,
,,,856,Single Track,,,,,,,,None,1571.155936,
,,,857,Double Track,,,,,,,,None,587.9147361,
,,,859,Double Track,,,,,,,,Narragansett Gun Club,3346.118848,
,,,862,Double Track,,,,,,,,None,1471.089552,
,,,863,Double Track,,,,,,,,None,1036.041207,
,,,864,Double Track,,,,,,,,None,4211.590374,
,,,865,Double Track,,,,,,,,None,2149.646682,
,,,866,Double Track,,,,,,,,None,4947.719798,
,,,867,Double Track,,,,,,,,None,1239.180413,
,,,868,Double Track,,,,,,,,Old Ten Rod Road,2899.891917,
,,,870,Double Track,,,,,,,,None,408.8807536,
,,,871,Double Track,,,,,,,,None,1606.81085,
,,,872,Double Track,,,,,,,,None,3500.290175,
,,,873,Double Track,,,,,,,,None,1863.814787,
,,,874,Double Track,,,,,,,,None,2082.043218,
,,,875,Double Track,,,,,,,,None,2243.34018,
,,,876,Double Track,,,,,,,,None,4994.906002,
,,,877,Double Track,,,,,,,,None,588.1696304,
,,,878,Double Track,,,,,,,,None,1583.930864,
,,,879,Double Track,,,,,,,,None,3363.363442,
,,,880,Double Track,,,,,,,,None,3249.017431,
,,,881,Double Track,,,,,,,,None,1325.13093,
,,,882,Double Track,,,,,,,,None,11616.2179,
,,,883,Double Track,,,,,,,,None,3817.906789,
,,,884,Double Track,,,,,,,,None,1406.746386,
,,,885,Double Track,,,,,,,,None,3471.665221,
,,,886,Double Track,,,,,,,,None,1137.535051,
,,,887,Double Track,,,,,,,,None,535.5732102,
,,,888,Double Track,,,,,,,,None,2135.783923,
,,,889,Double Track,,,,,,,,None,597.1516767,
,,,890,Double Track,,,,,,,,None,2654.015354,
,,,891,Double Track,,,,,,,,None,2116.160427,
,,,892,Double Track,,,,,,,,None,1933.951752,
,,,893,Double Track,,,,,,,,None,3592.971136,
,,,894,Double Track,,,,,,,,None,1640.302543,
,,,895,Double Track,,,,,,,,None,9201.270417,
,,,896,Double Track,,,,,,,,None,1361.687123,
,,,897,Double Track,,,,,,,,None,828.1303168,
,,,898,Double Track,,,,,,,,None,2544.694703,
,,,899,Double Track,,,,,,,,None,4918.917613,
,,,900,Double Track,,,,,,,,None,1093.415216,
,,,901,Double Track,,,,,,,,None,1649.685229,
,,,902,Double Track,,,,,,,,None,727.0520075,
,,,903,Double Track,,,,,,,,None,1059.5157,
,,,904,Double Track,,,,,,,,None,1947.915486,
,,,905,Double Track,,,,,,,,None,660.4700855,
,,,906,Double Track,,,,,,,,None,3653.235325,
,,,907,Double Track,,,,,,,,None,1553.010018,
,,,908,Double Track,,,,,,,,None,518.1490961,
,,,909,Double Track,,,,,,,,None,800.7554365,
,,,910,Double Track,,,,,,,,None,2364.052177,
,,,911,Double Track,,,,,,,,None,864.6627249,
,,,912,Double Track,,,,,,,,None,434.0702833,
,,,913,Double Track,,,,,,,,None,1634.869453,
,,,914,Double Track,,,,,,,,None,498.9488963,
,,,915,Double Track,,,,,,,,None,2900.45254,
,,,916,Double Track,,,,,,,,None,1007.309118,
,,,917,Double Track,,,,,,,,None,1456.882908,
,,,918,Double Track,,,,,,,,None,476.1412727,
,,,919,Double Track,,,,,,,,None,689.0778529,
,,,920,Double Track,,,,,,,,None,2719.913216,
,,,921,Double Track,,,,,,,,None,1402.121681,
,,,922,Double Track,,,,,,,,None,4903.052847,
,,,923,Double Track,,,,,,,,None,1163.778918,
,,,924,Double Track,,,,,,,,None,5376.588763,
,,,925,Double Track,,,,,,,,None,1285.153038,
,,,926,Double Track,,,,,,,,None,695.7920236,
,,,927,Double Track,,,,,,,,None,2657.229529,
,,,928,Double Track,,,,,,,,None,376.2618026,
,,,929,Double Track,,,,,,,,None,2057.66314,
,,,930,Double Track,,,,,,,,None,2625.481309,
,,,931,Double Track,,,,,,,,None,2127.196558,
,,,932,Double Track,,,,,,,,None,1225.213186,
,,,933,Double Track,,,,,,,,None,3509.574214,
,,,934,Double Track,,,,,,,,None,4782.060746,
,,,935,Double Track,,,,,,,,None,2110.287138,
,,,936,Double Track,,,,,,,,None,4153.358274,
,,,937,Double Track,,,,,,,,None,1249.277194,
,,,938,Double Track,,,,,,,,None,1907.216711,
,,,939,Double Track,,,,,,,,None,1401.672344,
,,,940,Double Track,,,,,,,,None,1916.891587,
,,,941,Double Track,,,,,,,,None,1412.12635,
,,,942,Double Track,,,,,,,,None,1331.839356,
,,,943,Double Track,,,,,,,,None,2833.108503,
,,,944,Double Track,,,,,,,,None,1043.102721,
,,,945,Double Track,,,,,,,,None,2266.891082,
,,,946,Double Track,,,,,,,,None,1808.17544,
,,,947,Double Track,,,,,,,,None,1482.716593,
,,,948,Double Track,,,,,,,,None,1368.387198,
,,,949,Double Track,,,,,,,,None,2162.823272,
,,,950,Double Track,,,,,,,,None,3526.935808,
,,,951,Double Track,,,,,,,,None,2424.306371,
,,,952,Double Track,,,,,,,,None,2600.638568,
,,,953,Double Track,,,,,,,,None,4593.129922,
,,,954,Double Track,,,,,,,,None,813.1377343,
,,,955,Double Track,,,,,,,,None,6365.976401,
,,,956,Double Track,,,,,,,,None,6314.560278,
,,,957,Double Track,,,,,,,,None,8026.396886,
,,,958,Double Track,,,,,,,,None,1571.819202,
,,,959,Double Track,,,,,,,,None,322.0675348,
,,,962,Double Track,,,,,,,,None,3088.543111,
,,,964,Double Track,,,,,,,,None,635.3276278,
,,,965,Double Track,,,,,,,,None,1105.190963,
,,,966,Double Track,,,,,,,,None,4499.353912,
,,,967,Double Track,,,,,,,,None,4094.667039,
,,,968,Double Track,,,,,,,,Owner = Fish & Wildlife,3422.623611,
,,,969,Double Track,,,,,,,,Owner = Fish & Wildlife,6401.456577,
,,,970,Double Track,,,,,,,,None,3392.711117,
,,,971,Double Track,,,,,,,,None,2362.127139,
,,,972,Double Track,,,,,,,,None,7807.039438,
,,,973,Double Track,,,,,,,,None,4494.003369,
,,,978,Double Track,,,,,,,,None,19243.34749,
,,,980,Double Track,,,,,,,,None,925.5694033,
,,,981,Double Track,,,,,,,,None,3413.887976,
,,,987,Double Track,,,,,,,,None,2126.606453,
,,,988,Double Track,,,,,,,,None,187.5898537,
,,,989,Double Track,,,,,,,,None,1695.812686,
,,,990,Double Track,,,,,,,,None,3593.51308,
,,,991,Double Track,,,,,,,,None,3116.238629,
,,,993,Gravel Road,,,,,,,,NO NAME,2928.678817,
,,,994,Gravel Road,,,,,,,,NO NAME,549.4602381,
,,,995,Gravel Road,,,,,,,,None,9895.646634,
,,,996,Gravel Road,,,,,,,,None,2426.961798,
,,,997,Gravel Road,,,,,,,,None,2594.699585,
,,,998,Gravel Road,,,,,,,,None,8009.353392,
,,,999,Gravel Road,,,,,,,,None,5458.167771,
,,,1000,Gravel Road,,,,,,,,None,3335.996513,
,,,1001,Gravel Road,,,,,,,,None,791.8149362,
,,,1002,Gravel Road,,,,,,,,None,271.5104177,
,,,1004,Gravel Road,,,,,,,,None,250.7554868,
,,,1007,Gravel Road,,,,,,,,TEFFT HILL ROAD,4655.39401,
,,,1008,Gravel Road,,,,,,,,Tripp Trail,2782.232023,
,,,1009,Gravel Road,,,,,,,,None,2116.630748,
,,,1010,Gravel Road,,,,,,,,None,993.0318514,
,,,1011,Gravel Road,,,,,,,,None,1439.643013,
,,,1012,Gravel Road,,,,,,,,None,4006.425557,
,,,1013,Gravel Road,,,,,,,,None,761.9044699,
,,,1014,Gravel Road,,,,,,,,None,2742.848063,
,,,1015,Gravel Road,,,,,,,,None,5527.66866,
,,,1016,Gravel Road,,,,,,,,None,9092.073109,
,,,1017,Gravel Road,,,,,,,,None,8309.691011,
,,,1018,Gravel Road,,,,,,,,None,13166.21706,
,,,1019,Gravel Road,,,,,,,,None,2521.070513,
,,,1020,Gravel Road,,,,,,,,None,3904.478451,
,,,1021,Gravel Road,,,,,,,,None,4035.304218,
,,,1022,Gravel Road,,,,,,,,None,4150.780736,
,,,1023,Gravel Road,,,,,,,,None,4822.31237,
,,,1024,Gravel Road,,,,,,,,None,1890.978535,
,,,1025,Gravel Road,,,,,,,,None,1073.287438,
,,,1026,Gravel Road,,,,,,,,None,7771.093117,
,,,1031,Gravel Road,,,,,,,,Gravel Road,4917.241864,
,,,1032,Gravel Road,,,,,,,,None,4673.072667,
,,,1033,Gravel Road,,,,,,,,poor condition,7455.590708,
,,,1034,Paved Path,,,,,,,,None,10758.03438,
,,,1035,Paved Road,,,,,,,,None,835.0861521,
,,,1036,Paved Road,,,,,,,,None,306.551452,
,,,1037,Paved Road,,,,,,,,None,1144.650987,
,,,1038,Paved Road,,,,,,,,None,2854.709755,
,,,1039,Paved Road,,,,,,,,None,671.7525813,
,,,1048,Single Track,,,,,,,,Fair,2148.077642,
,,,1050,Single Track,,,,,,,,NO NAME,10030.09279,
,,,1051,Single Track,,,,,,,,NO NAME,7769.436347,
,,,1052,Single Track,,,,,,,,NO NAME,1489.745074,
,,,1053,Single Track,,,,,,,,NO NAME,3969.563586,
,,,1054,Single Track,,,,,,,,NO NAME,683.556484,
,,,1055,Single Track,,,,,,,,NO NAME,2670.458533,
,,,1056,Single Track,,,,,,,,NO NAME,326.533355,
,,,1057,Single Track,,,,,,,,NO NAME,2152.481995,
,,,1058,Single Track,,,,,,,,"no name , unknown",4022.120886,
,,,1059,Single Track,,,,,,,,None,2029.000831,
,,,1060,Single Track,,,,,,,,None,7295.799278,
,,,1061,Single Track,,,,,,,,None,2631.053213,
,,,1062,Single Track,,,,,,,,None,3609.973893,
,,,1063,Single Track,,,,,,,,None,4861.977873,
,,,1066,Single Track,,,,,,,,Old Ten Rod Road,1373.790735,
,,,1070,Single Track,,,,,,,,YELLOW DOT,1351.315868,
,,,1071,Single Track,,,,,,,,None,6128.298014,
,,,1072,Single Track,,,,,,,,None,770.0434947,
,,,1073,Single Track,,,,,,,,None,1918.412908,
,,,1074,Single Track,,,,,,,,None,746.9101946,
,,,1075,Single Track,,,,,,,,None,1669.350534,
,,,1076,Single Track,,,,,,,,None,384.9145576,
,,,1077,Single Track,,,,,,,,None,331.5941875,
,,,1078,Single Track,,,,,,,,None,3763.67475,
,,,1079,Single Track,,,,,,,,None,3243.054726,
,,,1080,Single Track,,,,,,,,None,7583.347963,
,,,1081,Single Track,,,,,,,,None,414.5748875,
,,,1082,Single Track,,,,,,,,None,2548.662158,
,,,1083,Single Track,,,,,,,,None,2803.523647,
,,,1084,Single Track,,,,,,,,None,972.6998288,
,,,1085,Single Track,,,,,,,,None,2099.896952,
,,,1086,Single Track,,,,,,,,None,1598.723389,
,,,1087,Single Track,,,,,,,,None,728.0024917,
,,,1088,Single Track,,,,,,,,None,3504.336741,
,,,1089,Single Track,,,,,,,,None,5228.579554,
,,,1090,Single Track,,,,,,,,None,1108.924312,
,,,1091,Single Track,,,,,,,,None,2866.519502,
,,,1092,Single Track,,,,,,,,None,2629.413923,
,,,1093,Single Track,,,,,,,,None,3455.129025,
,,,1094,Single Track,,,,,,,,None,3367.90444,
,,,1095,Single Track,,,,,,,,None,2265.721639,
,,,1096,Single Track,,,,,,,,None,1201.337465,
,,,1097,Single Track,,,,,,,,None,4080.46737,
,,,1098,Single Track,,,,,,,,None,4132.37414,
,,,1099,Single Track,,,,,,,,None,252.8259309,
,,,1100,Single Track,,,,,,,,None,500.4123211,
,,,1101,Single Track,,,,,,,,None,2134.854911,
,,,1102,Single Track,,,,,,,,None,2179.483721,
,,,1103,Single Track,,,,,,,,None,2729.567438,
,,,1104,Single Track,,,,,,,,None,210.088861,
,,,1105,Single Track,,,,,,,,None,1231.378642,
,,,1106,Single Track,,,,,,,,None,2505.697227,
,,,1107,Single Track,,,,,,,,None,2863.429293,
,,,1108,Single Track,,,,,,,,None,611.9641903,
,,,1109,Single Track,,,,,,,,None,4096.150751,
,,,1110,Single Track,,,,,,,,None,4550.181809,
,,,1111,Single Track,,,,,,,,None,455.4291151,
,,,1112,Single Track,,,,,,,,None,2422.827564,
,,,1113,Single Track,,,,,,,,None,2532.512258,
,,,1114,Single Track,,,,,,,,None,1997.536266,
,,,1115,Single Track,,,,,,,,None,1416.337419,
,,,1116,Single Track,,,,,,,,None,1059.365427,
,,,1117,Single Track,,,,,,,,None,4126.872539,
,,,1118,Single Track,,,,,,,,None,3011.198239,
,,,1119,Single Track,,,,,,,,None,1737.848947,
,,,1120,Single Track,,,,,,,,None,396.0643209,
,,,1121,Single Track,,,,,,,,None,2971.994116,
,,,1122,Single Track,,,,,,,,None,1625.135994,
,,,1123,Single Track,,,,,,,,None,1422.148479,
,,,1124,Single Track,,,,,,,,None,3926.526049,
,,,1125,Single Track,,,,,,,,None,632.7089948,
,,,1126,Single Track,,,,,,,,None,595.4255799,
,,,1127,Single Track,,,,,,,,None,2311.831466,
,,,1128,Single Track,,,,,,,,None,845.7651019,
,,,1129,Single Track,,,,,,,,None,1179.744434,
,,,1130,Single Track,,,,,,,,None,915.5297821,
,,,1131,Single Track,,,,,,,,None,2687.221352,
,,,1132,Single Track,,,,,,,,None,320.5599293,
,,,1133,Single Track,,,,,,,,None,376.4178417,
,,,1134,Single Track,,,,,,,,None,453.2516791,
,,,1135,Single Track,,,,,,,,None,322.3086081,
,,,1136,Single Track,,,,,,,,None,2238.259474,
,,,1137,Single Track,,,,,,,,None,2118.125449,
,,,1138,Single Track,,,,,,,,None,1232.88664,
,,,1139,Single Track,,,,,,,,None,262.6210909,
,,,1140,Single Track,,,,,,,,None,2943.292152,
,,,1141,Single Track,,,,,,,,None,2218.639932,
,,,1142,Single Track,,,,,,,,None,1317.422106,
,,,1143,Single Track,,,,,,,,None,373.6830212,
,,,1144,Single Track,,,,,,,,None,2262.736882,
,,,1145,Single Track,,,,,,,,None,5729.629176,
,,,1146,Single Track,,,,,,,,None,1298.123995,
,,,1147,Single Track,,,,,,,,None,1773.410142,
,,,1148,Single Track,,,,,,,,None,1823.872047,
,,,1149,Single Track,,,,,,,,None,707.7767227,
,,,1150,Single Track,,,,,,,,None,5954.48737,
,,,1151,Single Track,,,,,,,,None,3843.592459,
,,,1152,Single Track,,,,,,,,None,5719.649668,
,,,1153,Single Track,,,,,,,,None,2970.989266,
,,,1154,Single Track,,,,,,,,None,271.2217273,
,,,1155,Single Track,,,,,,,,None,9019.049421,
,,,1156,Single Track,,,,,,,,None,833.5283095,
,,,1157,Single Track,,,,,,,,None,6186.024059,
,,,1160,Single Track,,,,,,,,None,5555.904458,
,,,1161,Single Track,,,,,,,,None,2612.102598,
,,,1162,Single Track,,,,,,,,None,954.2739852,
,,,1164,Single Track,,,,,,,,None,7347.393209,
,,,1166,Single Track,,,,,,,,None,2911.950055,
,,,1172,Single Track,,,,,,,,None,1264.891724,
,,,1173,Single Track,,,,,,,,None,610.3190131,
,,,1174,Single Track,,,,,,,,None,2337.797349,
,,,1182,Single Track,,,,,,,,None,2438.754296,
,,,1183,Single Track,,,,,,,,None,690.7398384,
,,,1184,Single Track,,,,,,,,None,805.0130038,
,,,1185,Single Track,,,,,,,,None,979.9677553,
,,,1186,Single Track,,,,,,,,None,451.065555,
,,,1187,Single Track,,,,,,,,None,595.3191927,
,,,1188,Single Track,,,,,,,,None,576.1675122,
,,,1189,Single Track,,,,,,,,None,3467.915266,
,,,1190,Single Track,,,,,,,,Fair,1392.33696,
,,,1202,Single Track,,,,,,,,None,544.8015535,
,,,1203,Single Track,,,,,,,,None,160.6761249,
,,,1204,Double Track,,,,,,,,None,1365.31779,
,,,1205,Double Track,,,,,,,,None,1127.011193,
,,,1206,Double Track,,,,,,,,NO NAME,1299.110334,
,,,1207,Single Track,,,,,,,,None,792.4066793,
,,,1208,Single Track,,,,,,,,None,4843.441012,
